Workbook

Sheet HS Summary
A1: HS CODE SUMMARY – Sonavox Technology CZ s.r.o.
A3: Odesílatelé / Senders: | B3: 3 (viz členění níže) – zásilka je členěna PRIMÁRNĚ dle odesílatele
A4: Příjemce / Consignee: | B4: Sonavox Technology CZ s.r.o., Lhotka nad Bečvou 93, 756 41 Lešná, Czech Republic
A5: FCR / HBL No.: | B5: TECGO26080029 (T.H.I. Group Ltd.), ref. ZIHWB260805FM022
A6: Nákladní list SMGS: | B6: 38055706
A7: Kontejner / plomba: | B7: CIMU1716969 / 40HQ / plomba ZH176441
A8: Faktury: | B8: CZ20260725, CZ20260725-1, CZ20260725-2, vše ze dne 28.07.2026
A9: Trasa: | B9: Zhengzhou (Putian), Henan → Malaszewicze (PL) → Czech Republic – ŽELEZNIČNÍ přeprava
A10: Země původu: | B10: Čína (Suzhou, 35029)
A11: Destinace: | B11: Czech Republic / EU
A12: Měna: | B12: EUR
A13: INCOTERM: | B13: FOB (bez uvedeného přístavu/místa) – viz Poznámky
A14: Preferenční věta: | B14: NENALEZENA v žádném dokladu – viz list Poznámky (kritické)
A15: Celkem kolí / objem: | B15: 51 palet / 51,40 CBM / brutto 24 133 kg (souhlasí s FCR i SMGS)
A17: Odesílatel / Sender | B17: Faktura | C17: HS kód | D17: Popis zboží (CZ) | E17: Množství (ks) | F17: Čistá hmotnost (kg) | G17: Hrubá hmotnost (kg) | H17: Celní hodnota (EUR) | I17: Incoterm | J17: CBAM | K17: Antidumping | L17: Poznámka
A18: Suzhou Sonavox International Trading Co., Ltd | B18: CZ20260725 | C18: 8504500000 | D18: Kmitací cívka – měděný drát (jednoduché vinutí) navinutý na papírovém válci (formeru) | E18: =SUMIFS('Line items'!H$2:H$25,'Line items'!$A$2:$A$25,$A18,'Line items'!$F$2:$F$25,$C18) -> 65000 | F18: =SUMIFS('Line items'!I$2:I$25,'Line items'!$A$2:$A$25,$A18,'Line items'!$F$2:$F$25,$C18) -> 86.5 | G18: =SUMIFS('Line items'!J$2:J$25,'Line items'!$A$2:$A$25,$A18,'Line items'!$F$2:$F$25,$C18) -> 216.33 | H18: =SUMIFS('Line items'!K$2:K$25,'Line items'!$A$2:$A$25,$A18,'Line items'!$F$2:$F$25,$C18) -> 9841 | I18: FOB (bez uvedeného přístavu/místa) – viz Poznámky | J18: Ne | K18: Ne | L18: Zařazení dle ZISZ 30-0292-2016 (kmitací cívka = ostatní tlumivky).
A19: Suzhou Sonavox International Trading Co., Ltd | B19: CZ20260725 | C19: 8518900090 | D19: Ocelová deska (front plate) – součást autoreproduktoru | E19: =SUMIFS('Line items'!H$2:H$25,'Line items'!$A$2:$A$25,$A19,'Line items'!$F$2:$F$25,$C19) -> 92400 | F19: =SUMIFS('Line items'!I$2:I$25,'Line items'!$A$2:$A$25,$A19,'Line items'!$F$2:$F$25,$C19) -> 8460.5 | G19: =SUMIFS('Line items'!J$2:J$25,'Line items'!$A$2:$A$25,$A19,'Line items'!$F$2:$F$25,$C19) -> 8600.91 | H19: =SUMIFS('Line items'!K$2:K$25,'Line items'!$A$2:$A$25,$A19,'Line items'!$F$2:$F$25,$C19) -> 12384.46 | I19: FOB (bez uvedeného přístavu/místa) – viz Poznámky | J19: Ne | K19: Ne | L19: Přípona 90 dle podkladu SONAVOX; ocelový díl, ale zařazen v kap. 85 – mimo CBAM.
A20: Suzhou Sonavox International Trading Co., Ltd | B20: CZ20260725 | C20: 8518900000 | D20: Středící membrána (spider) – naimpregnovaná textilie, součást autoreproduktoru; Membrána s vlnkou (cone) – membrána elektrodynamického reproduktoru | E20: =SUMIFS('Line items'!H$2:H$25,'Line items'!$A$2:$A$25,$A20,'Line items'!$F$2:$F$25,$C20) -> 85600 | F20: =SUMIFS('Line items'!I$2:I$25,'Line items'!$A$2:$A$25,$A20,'Line items'!$F$2:$F$25,$C20) -> 45.9 | G20: =SUMIFS('Line items'!J$2:J$25,'Line items'!$A$2:$A$25,$A20,'Line items'!$F$2:$F$25,$C20) -> 60 | H20: =SUMIFS('Line items'!K$2:K$25,'Line items'!$A$2:$A$25,$A20,'Line items'!$F$2:$F$25,$C20) -> 10417.68 | I20: FOB (bez uvedeného přístavu/místa) – viz Poznámky | J20: Ne | K20: Ne | L20: Části a součásti reproduktorů.
A21: Suzhou Sonavox International Trading Co., Ltd | B21: CZ20260725 | C21: 3926909790 | D21: Plastové těsnění (gasket) – ostatní výrobky z plastů; Plastový kalibr (gauge) – montážní přípravek, ostatní výrobky z plastů | E21: =SUMIFS('Line items'!H$2:H$25,'Line items'!$A$2:$A$25,$A21,'Line items'!$F$2:$F$25,$C21) -> 9960 | F21: =SUMIFS('Line items'!I$2:I$25,'Line items'!$A$2:$A$25,$A21,'Line items'!$F$2:$F$25,$C21) -> 103.09 | G21: =SUMIFS('Line items'!J$2:J$25,'Line items'!$A$2:$A$25,$A21,'Line items'!$F$2:$F$25,$C21) -> 128 | H21: =SUMIFS('Line items'!K$2:K$25,'Line items'!$A$2:$A$25,$A21,'Line items'!$F$2:$F$25,$C21) -> 1378.1 | I21: FOB (bez uvedeného přístavu/místa) – viz Poznámky | J21: Ne | K21: Ne | L21: Ostatní výrobky z plastů.
A22: Suzhou Sonavox International Trading Co., Ltd | B22: CZ20260725 | C22: 3921909090 | D22: Plastová membrána (vodotěsná membrána) – ochranná membrána reproduktoru | E22: =SUMIFS('Line items'!H$2:H$25,'Line items'!$A$2:$A$25,$A22,'Line items'!$F$2:$F$25,$C22) -> 210000 | F22: =SUMIFS('Line items'!I$2:I$25,'Line items'!$A$2:$A$25,$A22,'Line items'!$F$2:$F$25,$C22) -> 30.24 | G22: =SUMIFS('Line items'!J$2:J$25,'Line items'!$A$2:$A$25,$A22,'Line items'!$F$2:$F$25,$C22) -> 40 | H22: =SUMIFS('Line items'!K$2:K$25,'Line items'!$A$2:$A$25,$A22,'Line items'!$F$2:$F$25,$C22) -> 8820 | I22: FOB (bez uvedeného přístavu/místa) – viz Poznámky | J22: Ne | K22: Ne | L22: Ostatní desky, listy, fólie a pásy z plastů.
A23: Suzhou Sonavox International Trading Co., Ltd | B23: CZ20260725 | C23: 7409390000 | D23: Kontakt / vývod (terminal) – z mědi | E23: =SUMIFS('Line items'!H$2:H$25,'Line items'!$A$2:$A$25,$A23,'Line items'!$F$2:$F$25,$C23) -> 600000 | F23: =SUMIFS('Line items'!I$2:I$25,'Line items'!$A$2:$A$25,$A23,'Line items'!$F$2:$F$25,$C23) -> 300 | G23: =SUMIFS('Line items'!J$2:J$25,'Line items'!$A$2:$A$25,$A23,'Line items'!$F$2:$F$25,$C23) -> 330 | H23: =SUMIFS('Line items'!K$2:K$25,'Line items'!$A$2:$A$25,$A23,'Line items'!$F$2:$F$25,$C23) -> 9380 | I23: FOB (bez uvedeného přístavu/místa) – viz Poznámky | J23: Ne | K23: Ne | L23: Desky/pásy ze slitin mědi – kap. 74 není v příloze I CBAM.
A24: Suzhou Sonavox International Trading Co., Ltd | B24: CZ20260725 | C24: 7318159519 | D24: Matice / vložka (nut, insert) – závitové zboží ze železa nebo oceli | E24: =SUMIFS('Line items'!H$2:H$25,'Line items'!$A$2:$A$25,$A24,'Line items'!$F$2:$F$25,$C24) -> 210000 | F24: =SUMIFS('Line items'!I$2:I$25,'Line items'!$A$2:$A$25,$A24,'Line items'!$F$2:$F$25,$C24) -> 312.3 | G24: =SUMIFS('Line items'!J$2:J$25,'Line items'!$A$2:$A$25,$A24,'Line items'!$F$2:$F$25,$C24) -> 325.5 | H24: =SUMIFS('Line items'!K$2:K$25,'Line items'!$A$2:$A$25,$A24,'Line items'!$F$2:$F$25,$C24) -> 13140 | I24: FOB (bez uvedeného přístavu/místa) – viz Poznámky | J24: ANO | K24: ANO | L24: Spojovací materiál ze železa/oceli, původ ČÍNA – viz list Poznámky.
A25: Suzhou Sonavox International Trading Co., Ltd | B25: CZ20260725 | C25: 7413000090 | D25: Kabelový svazek – splétané lanko, slitina měď (78 %) a cín, neizolované | E25: =SUMIFS('Line items'!H$2:H$25,'Line items'!$A$2:$A$25,$A25,'Line items'!$F$2:$F$25,$C25) -> 51200 | F25: =SUMIFS('Line items'!I$2:I$25,'Line items'!$A$2:$A$25,$A25,'Line items'!$F$2:$F$25,$C25) -> 235.52 | G25: =SUMIFS('Line items'!J$2:J$25,'Line items'!$A$2:$A$25,$A25,'Line items'!$F$2:$F$25,$C25) -> 250 | H25: =SUMIFS('Line items'!K$2:K$25,'Line items'!$A$2:$A$25,$A25,'Line items'!$F$2:$F$25,$C25) -> 8120.32 | I25: FOB (bez uvedeného přístavu/místa) – viz Poznámky | J25: Ne | K25: Ne | L25: Splétaná lanka z mědi, neizolovaná.
D26: Mezisoučet – Suzhou Sonavox International Trading Co., Ltd | E26: =SUM(E18:E25) -> 1324160 | F26: =SUM(F18:F25) -> 9574.05 | G26: =SUM(G18:G25) -> 9950.74 | H26: =SUM(H18:H25) -> 73481.56
A27: Suzhou Sonavox Electronics Co., Ltd | B27: CZ20260725-1 | C27: 8518900000 | D27: Magnetický obvod (ceramics circle) – feritové jádro (nezmagnetované), součást autoreproduktoru | E27: =SUMIFS('Line items'!H$2:H$25,'Line items'!$A$2:$A$25,$A27,'Line items'!$F$2:$F$25,$C27) -> 19152 | F27: =SUMIFS('Line items'!I$2:I$25,'Line items'!$A$2:$A$25,$A27,'Line items'!$F$2:$F$25,$C27) -> 11299.68 | G27: =SUMIFS('Line items'!J$2:J$25,'Line items'!$A$2:$A$25,$A27,'Line items'!$F$2:$F$25,$C27) -> 11688.8 | H27: =SUMIFS('Line items'!K$2:K$25,'Line items'!$A$2:$A$25,$A27,'Line items'!$F$2:$F$25,$C27) -> 19918.08 | I27: FOB (bez uvedeného přístavu/místa) – viz Poznámky | J27: Ne | K27: Ne | L27: Části a součásti reproduktorů.
A28: Suzhou Sonavox Electronics Co., Ltd | B28: CZ20260725-1 | C28: 8518210000 | D28: Reproduktor (autoreproduktor), jediný v jedné skříni | E28: =SUMIFS('Line items'!H$2:H$25,'Line items'!$A$2:$A$25,$A28,'Line items'!$F$2:$F$25,$C28) -> 2016 | F28: =SUMIFS('Line items'!I$2:I$25,'Line items'!$A$2:$A$25,$A28,'Line items'!$F$2:$F$25,$C28) -> 1149.12 | G28: =SUMIFS('Line items'!J$2:J$25,'Line items'!$A$2:$A$25,$A28,'Line items'!$F$2:$F$25,$C28) -> 1219.04 | H28: =SUMIFS('Line items'!K$2:K$25,'Line items'!$A$2:$A$25,$A28,'Line items'!$F$2:$F$25,$C28) -> 5140.8 | I28: FOB (bez uvedeného přístavu/místa) – viz Poznámky | J28: Ne | K28: Ne | L28: Kompletní autoreproduktor, jediný v jedné skříni.
D29: Mezisoučet – Suzhou Sonavox Electronics Co., Ltd | E29: =SUM(E27:E28) -> 21168 | F29: =SUM(F27:F28) -> 12448.8 | G29: =SUM(G27:G28) -> 12907.84 | H29: =SUM(H27:H28) -> 25058.88
A30: Suzhou Yanlong Electronic Product Co., Ltd | B30: CZ20260725-2 | C30: 8518900000 | D30: Membrána s vlnkou (cone) – membrána elektrodynamického reproduktoru | E30: =SUMIFS('Line items'!H$2:H$25,'Line items'!$A$2:$A$25,$A30,'Line items'!$F$2:$F$25,$C30) -> 43760 | F30: =SUMIFS('Line items'!I$2:I$25,'Line items'!$A$2:$A$25,$A30,'Line items'!$F$2:$F$25,$C30) -> 957 | G30: =SUMIFS('Line items'!J$2:J$25,'Line items'!$A$2:$A$25,$A30,'Line items'!$F$2:$F$25,$C30) -> 1274.42 | H30: =SUMIFS('Line items'!K$2:K$25,'Line items'!$A$2:$A$25,$A30,'Line items'!$F$2:$F$25,$C30) -> 20830.64 | I30: FOB (bez uvedeného přístavu/místa) – viz Poznámky | J30: Ne | K30: Ne | L30: Části a součásti reproduktorů.
D31: Mezisoučet – Suzhou Yanlong Electronic Product Co., Ltd | E31: =SUM(E30:E30) -> 43760 | F31: =SUM(F30:F30) -> 957 | G31: =SUM(G30:G30) -> 1274.42 | H31: =SUM(H30:H30) -> 20830.64
D32: CELKEM ZÁSILKA / TOTAL SHIPMENT | E32: =E26+E29+E31 -> 1389088 | F32: =F26+F29+F31 -> 22979.85 | G32: =G26+G29+G31 -> 24133 | H32: =H26+H29+H31 -> 119371.08
A34: Kontrola / cross-check | B34: Ze souhrnu | C34: Z dokladů | D34: Rozdíl
A35: Množství celkem vs. součet faktur | B35: =E32 -> 1389088 | C35: 1389088 | D35: =B35-C35 -> 0
A36: Čistá hmotnost celkem (kg) | B36: =F32 -> 22979.85 | C36: 22979.85 | D36: =B36-C36 -> 0
A37: Hrubá hmotnost celkem (kg) vs. FCR/SMGS 24 133 kg | B37: =G32 -> 24133 | C37: 24133 | D37: =B37-C37 -> 0
A38: Celní hodnota celkem (EUR) vs. součet faktur | B38: =H32 -> 119371.08 | C38: 119371.08 | D38: =B38-C38 -> 0

Sheet Line items
A1: Sender | B1: Invoice No. | C1: Item | D1: Part Number | E1: Description of Goods (EN) | F1: HS code | G1: Popis zboží (CZ) | H1: Quantity (pcs) | I1: Net weight (kg) | J1: Gross weight (kg) | K1: Customs value (EUR)
A2: Suzhou Sonavox International Trading Co., Ltd | B2: CZ20260725 | C2: 1 | D2: 010-KD1622S-3.8A-CZ | E2: Voice coil | F2: 8504500000 | G2: Kmitací cívka – měděný drát (jednoduché vinutí) navinutý na papírovém válci (formeru) | H2: 65000 | I2: 86.5 | J2: 216.33 | K2: 9841
A3: Suzhou Sonavox International Trading Co., Ltd | B3: CZ20260725 | C3: 2 | D3: 040-62E4-CR-CZ | E3: Front plate | F3: 8518900090 | G3: Ocelová deska (front plate) – součást autoreproduktoru | H3: 35000 | I3: 2345 | J3: 2385 | K3: 3542
A4: Suzhou Sonavox International Trading Co., Ltd | B4: CZ20260725 | C4: 3 | D4: 040-80I6-CRB-CZ | E4: Front plate | F4: 8518900090 | G4: Ocelová deska (front plate) – součást autoreproduktoru | H4: 32400 | I4: 5103 | J4: 5183 | K4: 7464.96
A5: Suzhou Sonavox International Trading Co., Ltd | B5: CZ20260725 | C5: 4 | D5: 040-54D3-CR-1-CZ | E5: Front plate | F5: 8518900090 | G5: Ocelová deska (front plate) – součást autoreproduktoru | H5: 25000 | I5: 1012.5 | J5: 1032.91 | K5: 1377.5
A6: Suzhou Sonavox International Trading Co., Ltd | B6: CZ20260725 | C6: 5 | D6: 021-100F00-9-CZ | E6: Spider | F6: 8518900000 | G6: Středící membrána (spider) – naimpregnovaná textilie, součást autoreproduktoru | H6: 5600 | I6: 10.5 | J6: 15 | K6: 449.68
A7: Suzhou Sonavox International Trading Co., Ltd | B7: CZ20260725 | C7: 6 | D7: 021-80E15-3-CZ | E7: Spider | F7: 8518900000 | G7: Středící membrána (spider) – naimpregnovaná textilie, součást autoreproduktoru | H7: 72000 | I7: 19.4 | J7: 25 | K7: 7041.6
A8: Suzhou Sonavox International Trading Co., Ltd | B8: CZ20260725 | C8: 19 | D8: 140-35D14-44XP1-CZ | E8: Cone | F8: 8518900000 | G8: Membrána s vlnkou (cone) – membrána elektrodynamického reproduktoru | H8: 8000 | I8: 16 | J8: 20 | K8: 2926.4
A9: Suzhou Sonavox International Trading Co., Ltd | B9: CZ20260725 | C9: 7 | D9: 142-630H10-15H-CZ | E9: Gasket | F9: 3926909790 | G9: Plastové těsnění (gasket) – ostatní výrobky z plastů | H9: 960 | I9: 7.2 | J9: 10 | K9: 100.8
A10: Suzhou Sonavox International Trading Co., Ltd | B10: CZ20260725 | C10: 8 | D10: 142-40X25-25D-CZ | E10: Gasket | F10: 3926909790 | G10: Plastové těsnění (gasket) – ostatní výrobky z plastů | H10: 2000 | I10: 15 | J10: 20 | K10: 75.8
A11: Suzhou Sonavox International Trading Co., Ltd | B11: CZ20260725 | C11: 17 | D11: JK-65425-01 | E11: Gauge | F11: 3926909790 | G11: Plastový kalibr (gauge) – montážní přípravek, ostatní výrobky z plastů | H11: 5000 | I11: 57.78 | J11: 70 | K11: 899.5
A12: Suzhou Sonavox International Trading Co., Ltd | B12: CZ20260725 | C12: 18 | D12: JK-35113-01-CZ | E12: Gauge | F12: 3926909790 | G12: Plastový kalibr (gauge) – montážní přípravek, ostatní výrobky z plastů | H12: 2000 | I12: 23.11 | J12: 28 | K12: 302
A13: Suzhou Sonavox International Trading Co., Ltd | B13: CZ20260725 | C13: 9 | D13: J2-10X002-0001-CZ | E13: Waterproof membrane | F13: 3921909090 | G13: Plastová membrána (vodotěsná membrána) – ochranná membrána reproduktoru | H13: 210000 | I13: 30.24 | J13: 40 | K13: 8820
... A25: Suzhou Yanlong Electronic Product Co., Ltd | B25: CZ20260725-2 | C25: 3 | D25: 140-40E17-72XC-CZ | E25: Cone | F25: 8518900000 | G25: Membrána s vlnkou (cone) – membrána elektrodynamického reproduktoru | H25: 8000 | I25: 48 | J25: 56.3 | K25: 2712.8
G26: CELKEM / TOTAL | H26: =SUM(H2:H25) -> 1389088 | I26: =SUM(I2:I25) -> 22979.85 | J26: =SUM(J2:J25) -> 24133 | K26: =SUM(K2:K25) -> 119371.08

Sheet Poznámky & flagy
A1: POZNÁMKY, UPOZORNĚNÍ A NESROVNALOSTI
A3: Priorita | B3: Téma | C3: Popis
A4: KRITICKÉ | B4: Preferenční věta / preferenční původ (COO) | C4: V žádném z dodaných dokladů (3× faktura, 3× packing list, FCR TECGO26080029, nákladní list SMGS 38055706) NENÍ uvedena preferenční věta o původu zboží. Původ zboží = ČÍNA. EU nemá s Čínou dohodu o preferenčním obchodu, preferenční sazební zacházení tedy NELZE uplatnit a při proclení se použije plná celní sazba třetí země (erga omnes). Doporučení: nevyžadovat od dodavatele preferenční prohlášení, ale potvrdit hodnotu a sazby v TARIC před podáním celního prohlášení.
A5: KRITICKÉ | B5: Incoterm – chybí místo/přístav a termín neodpovídá druhu přepravy | C5: Všechny tři faktury i packing listy uvádějí pouze „Terms of Payment: FOB“ – BEZ uvedení přístavu / jmenovaného místa. Dvojí problém: (1) dle standardu musí být vždy uveden termín i město (např. FCA Suzhou); (2) FOB je dle Incoterms 2020 určen výhradně pro námořní a vnitrozemskou vodní přepravu, ale tato zásilka jde ŽELEZNICÍ (Zhengzhou/Putian → Malaszewicze → CZ). Pro železniční přepravu je správný termín FCA s uvedeným místem. Nutno vyžádat od odesílatele opravu / doplnění, jinak nelze spolehlivě určit, zda je do celní hodnoty nutno připočíst dopravné do hranice EU.
A6: KRITICKÉ | B6: Antidumping – spojovací materiál ze železa/oceli (HS 7318), původ Čína | C6: Položky 14 (Nut, 029-2513-AL-CZ) a 15 (Spring nut, 029A-000004-CZ) od odesílatele Suzhou Sonavox International Trading, zařazené pod 7318 15 95, spadají do rozsahu platných antidumpingových opatření EU na spojovací prostředky ze železa nebo oceli pocházející z ČLR (nař. (EU) 2022/191 ve znění pozdějších předpisů, včetně opatření proti obcházení). Celní hodnota těchto položek: 13 140,00 EUR. Nutno ověřit doplňkový kód TARIC podle konkrétního čínského výrobce – sazba se dle výrobce významně liší.
A7: KRITICKÉ | B7: CBAM – spojovací materiál ze železa/oceli (HS 7318) | C7: Tytéž položky pod kódem 7318 15 95 spadají do přílohy I nařízení CBAM (železo a ocel). Celkem 210 000 ks, čistá hmotnost 312,30 kg. Nutno zahrnout do čtvrtletního CBAM hlášení (vykazuje se čistá hmotnost a zabudované emise). Ostatní položky zásilky (kap. 35, 39, 74, 85) do CBAM nespadají.
A8: K OVĚŘENÍ | B8: Nesoulad: „Nut 029-2513-AL-CZ“ – ocel nebo hliník? | C8: Označení dílu obsahuje „-AL-“, což naznačuje HLINÍK, avšak podklad SONAVOX (e-mail „SONAVOX HS KODY“) přiřazuje „Insert (nut)“ kód 7318 15 95 19 (železo/ocel). Hliníková matice by patřila pod 7616 10 00. Zařazení má přímý dopad: 7318 = antidumping ANO + CBAM ANO; 7616 = antidumping NE + CBAM ANO. V souhrnu je konzervativně použito 7318 15 95 19. NUTNO POTVRDIT MATERIÁL U DODAVATELE.
A9: K OVĚŘENÍ | B9: Nekonzistentní 10místné přípony u 8518 90 00 v podkladu SONAVOX | C9: Referenční tabulka HS kódů od Sonavoxu používá pro části reproduktorů souběžně 8518 9000 00, 8518 9000 40, 8518 9000 90 i 8518 9000 99. Na úrovni KN8 jde vždy o 8518 90 00. V souhrnu je zachováno rozlišení dle podkladu (Front plate = ...90, ostatní části = ...00), ale platnou národní/TARIC příponu je nutno ověřit v TARIC CZ – při proclení musí být použit jeden platný 10místný kód.
A10: K OVĚŘENÍ | B10: Waterproof membrane – kód přiřazen odvozením | C10: Položka 9 (J2-10X002-0001-CZ, Waterproof membrane, 210 000 ks, 8 820,00 EUR) není v referenční tabulce SONAVOX uvedena pod tímto názvem. Byl použit kód 3921 90 90 90 podle nejbližší položky „Protective membrane plast / Plastová membrána“. Doporučeno potvrdit u dodavatele.
A11: K OVĚŘENÍ | B11: Terminal – kód přiřazen odvozením | C11: Položky 10–13 (Terminal, celkem 600 000 ks, 9 380,00 EUR) byly zařazeny pod 7409 39 00 podle položky „Pin, lug / kontakt“ z tabulky SONAVOX. Pokud jsou terminály pocínované/potažené nebo tvarované lisováním, může přicházet v úvahu jiné zařazení (např. 8536 90). Doporučeno potvrdit.
A12: NESROVNALOST | B12: FCR uvádí jen jednoho odesílatele, zásilka je však od tří prodávajících | C12: FCR TECGO26080029 uvádí jako shipper pouze SUZHOU SONAVOX ELECTRONICS CO., LTD. Zboží v kontejneru však pochází od TŘÍ různých prodávajících (Suzhou Sonavox International Trading, Suzhou Sonavox Electronics, Suzhou Yanlong Electronic Product) dle tří samostatných faktur. Celní prohlášení musí být členěno dle jednotlivých odesílatelů – proto je souhrn zpracován primárně dle odesílatele.
A13: NESROVNALOST | B13: Popis zboží ve FCR neuvádí všechny položky | C13: FCR vyjmenovává: Speaker component, Speaker, Voice coil, Front plate, Gasket, Waterproof membrane, Terminal, Nut, Spring nut, Harness, Gauge, Cone. CHYBÍ zde SPIDER (středící membrána, 77 600 ks) a CERAMICS CIRCLE (magnetický obvod, 19 152 ks) – zřejmě jsou zahrnuty pod obecné „Speaker component“, ale doporučeno upozornit dopravce.
A14: NESROVNALOST | B14: Nákladní list SMGS deklaruje celý kontejner pod jedním kódem 8518 90 | C14: SMGS 38055706 uvádí HS 851890 / 85189000 „Speaker component“ (+ HS 99020000 sběrné zboží) pro celý kontejner. Skutečné zboží však spadá do kapitol 35, 39, 73, 74 a 85. Jde o zjednodušení přepravního dokladu, které nemá vliv na celní zařazení, ale může vyvolat dotaz celního úřadu – vhodné mít připravené rozúčtování dle faktur.
... A19: INFO | B19: Dopravné / celní hodnota | C19: FCR uvádí FREIGHT COLLECT (dopravné hradí příjemce) a fakturační podmínka je FOB. Do celní hodnoty je proto nutno připočíst náklady dopravy a pojištění do místa vstupu do EU (hranice EU – Malaszewicze/PL). Podklady k dopravnému nebyly součástí dodaných dokladů.

Sheet Zdroje
A1: ZDROJOVÉ DOKLADY A PŘIŘAZENÍ HS KÓDŮ
A3: Doklad | B3: Obsah / použití
A4: TRCZ20260725.xlsx (listy PL, INV) | B4: Faktura + packing list CZ20260725 – Suzhou Sonavox International Trading Co., Ltd (19 položek)
A5: ELCZ202607251_...GCS.xlsx (2 soubory) | B5: Faktura + packing list CZ20260725-1 – Suzhou Sonavox Electronics Co., Ltd (2 položky)
A6: YLCZ202607252.xlsx (listy PL, INV) | B6: Faktura + packing list CZ20260725-2 – Suzhou Yanlong Electronic Product Co., Ltd (3 položky)
A7: HBL_TECGO26080029.pdf | B7: Forwarder's Cargo Receipt T.H.I. Group Ltd. – trasa, kontejner, brutto, kolí, objem
A8: CIMU1716969.pdf | B8: Nákladní list SMGS č. 38055706 – železniční přeprava, plomba, hmotnosti, trasa
A9: Re_SONAVOX_HS_KODY.eml | B9: Referenční tabulka HS kódů s českými popisy (Ing. Michaela Ryan, Sonavox Technology CZ) – zdroj HS kódů a českých popisů
A11: POZOR | B11: Faktury ANI packing listy neobsahují žádné HS kódy. Všechny HS kódy v tomto souhrnu jsou přiřazeny podle referenční tabulky z e-mailu „SONAVOX HS KODY“ na základě názvu dílu; položky bez přímé shody jsou označeny na listu Poznámky & flagy jako „K OVĚŘENÍ“.
