Workbook

Sheet Souhrn HS kódů
A1: SOUHRN HS KÓDŮ – PCV Computers, s.r.o.
A3: Odesílatel (sender): | B3: YEALINK (XIAMEN) NETWORK TECHNOLOGY CO., LTD, Xiamen, China
A4: Příjemce (CZ receiver): | B4: PCV COMPUTERS, S.R.O., Rybná 682/14, 110 01 Praha – DIČ/TAX CZ26084121
A5: Faktura / PI / PO: | B5: INVPCV-260729A1 ze dne 30.07.2026 | PI PCV-260729A | PO OBN2602528
A6: B/L: | B6: XMPR26080030 (J&S Worldwide Logistics), COSCO AFRICA 104E, on board 11.08.2026
A7: Trasa: | B7: Xiamen, Čína → Praha, Česká republika (LCL, 7 palet = 144 kartonů)
A8: Incoterm: | B8: FOB Xiamen, China (Incoterms® 2020)
A9: Země původu: | B9: ČÍNA (CN)
A10: Měna: | B10: USD
A11: Preferenční původ: | B11: NE – v dokladech NENÍ preferenční věta (viz list Poznámky)
A12: CBAM – příjemce: | B12: PCV Computers, s.r.o. NENÍ v registru reference/CBAM_receivers_CZ.xlsx (viz list Poznámky)
A14: Odesílatel | B14: HS kód | C14: Popis zboží (CZ) | D14: Čistá hmotnost (kg) | E14: Hrubá hmotnost (kg) | F14: Množství (ks) | G14: Cena / celní hodnota (USD) | H14: Incoterm | I14: CBAM | J14: Antidumping | K14: Poznámka
A15: YEALINK (XIAMEN) NETWORK TECHNOLOGY CO., LTD, Xiamen, China | B15: 85044060 | C15: Statický měnič – ostatní (napájecí adaptér 5V 2A) | D15: =SUMIFS(Položky!$G$2:$G$38,Položky!$E$2:$E$38,$B15) -> 4.7 | E15: =SUMIFS(Položky!$H$2:$H$38,Položky!$E$2:$E$38,$B15) -> 6.44 | F15: =SUMIFS(Položky!$F$2:$F$38,Položky!$E$2:$E$38,$B15) -> 50 | G15: =SUMIFS(Položky!$I$2:$I$38,Položky!$E$2:$E$38,$B15) -> 300 | H15: FOB Xiamen, China (Incoterms® 2020) | I15: Ne | J15: Ne
A16: YEALINK (XIAMEN) NETWORK TECHNOLOGY CO., LTD, Xiamen, China | B16: 85171800 | C16: VoIP telefony (SIP stolní telefony, DECT ručky a základnové stanice, Wi-Fi a 4G IP telefony) | D16: =SUMIFS(Položky!$G$2:$G$38,Položky!$E$2:$E$38,$B16) -> 1075.28 | E16: =SUMIFS(Položky!$H$2:$H$38,Položky!$E$2:$E$38,$B16) -> 1304.39 | F16: =SUMIFS(Položky!$F$2:$F$38,Položky!$E$2:$E$38,$B16) -> 1213 | G16: =SUMIFS(Položky!$I$2:$I$38,Položky!$E$2:$E$38,$B16) -> 60464 | H16: FOB Xiamen, China (Incoterms® 2020) | I16: Ne | J16: Ne | K16: Yealink navrhoval 8517 1100 / 8517 6100 pro DECT a W90B; klient sjednotil na 8517 18 00.
A17: YEALINK (XIAMEN) NETWORK TECHNOLOGY CO., LTD, Xiamen, China | B17: 85176200 | C17: Přepínací přístroje pro drátové sítě (All-in-one MeetingBar, WiFi dongle pro sdílení prezentace) | D17: =SUMIFS(Položky!$G$2:$G$38,Položky!$E$2:$E$38,$B17) -> 6.54 | E17: =SUMIFS(Položky!$H$2:$H$38,Položky!$E$2:$E$38,$B17) -> 7.49 | F17: =SUMIFS(Položky!$F$2:$F$38,Položky!$E$2:$E$38,$B17) -> 21 | G17: =SUMIFS(Položky!$I$2:$I$38,Položky!$E$2:$E$38,$B17) -> 3980 | H17: FOB Xiamen, China (Incoterms® 2020) | I17: Ne | J17: Ne
A18: YEALINK (XIAMEN) NETWORK TECHNOLOGY CO., LTD, Xiamen, China | B18: 85181030 | C18: Mikrofony (videokonferenční stolní mikrofon) | D18: =SUMIFS(Položky!$G$2:$G$38,Položky!$E$2:$E$38,$B18) -> 2.63 | E18: =SUMIFS(Položky!$H$2:$H$38,Položky!$E$2:$E$38,$B18) -> 2.93 | F18: =SUMIFS(Položky!$F$2:$F$38,Položky!$E$2:$E$38,$B18) -> 6 | G18: =SUMIFS(Položky!$I$2:$I$38,Položky!$E$2:$E$38,$B18) -> 1200 | H18: FOB Xiamen, China (Incoterms® 2020) | I18: Ne | J18: Ne
A19: YEALINK (XIAMEN) NETWORK TECHNOLOGY CO., LTD, Xiamen, China | B19: 85182100 | C19: Reproduktory jednoduché (videokonferenční a konferenční reproduktor) | D19: =SUMIFS(Položky!$G$2:$G$38,Položky!$E$2:$E$38,$B19) -> 4.89 | E19: =SUMIFS(Položky!$H$2:$H$38,Položky!$E$2:$E$38,$B19) -> 5.66 | F19: =SUMIFS(Položky!$F$2:$F$38,Položky!$E$2:$E$38,$B19) -> 4 | G19: =SUMIFS(Položky!$I$2:$I$38,Položky!$E$2:$E$38,$B19) -> 428 | H19: FOB Xiamen, China (Incoterms® 2020) | I19: Ne | J19: Ne | K19: Yealink navrhoval 8518 22 00 90 (vícenásobné reproduktory) pro MSpeaker Pro.
A20: YEALINK (XIAMEN) NETWORK TECHNOLOGY CO., LTD, Xiamen, China | B20: 85183000 | C20: Sluchátka ostatní (bluetooth náhlavní soupravy, kožený náušník, SIP DECT odolná ručka) | D20: =SUMIFS(Položky!$G$2:$G$38,Položky!$E$2:$E$38,$B20) -> 17.35 | E20: =SUMIFS(Položky!$H$2:$H$38,Položky!$E$2:$E$38,$B20) -> 21.87 | F20: =SUMIFS(Položky!$F$2:$F$38,Položky!$E$2:$E$38,$B20) -> 120 | G20: =SUMIFS(Položky!$I$2:$I$38,Položky!$E$2:$E$38,$B20) -> 2870 | H20: FOB Xiamen, China (Incoterms® 2020) | I20: Ne | J20: Ne | K20: Ověřit členění vůči 8518 30 00 – viz list Poznámky. Zahrnuje náušník (Yealink: 8518 90 00) a W57R (Yealink: 8517 1100).
A21: YEALINK (XIAMEN) NETWORK TECHNOLOGY CO., LTD, Xiamen, China | B21: 94032080 | C21: Kovový nábytek – rack (mobilní podlahový stojan pro MeetingBoard 65 Pro) | D21: =SUMIFS(Položky!$G$2:$G$38,Položky!$E$2:$E$38,$B21) -> 31.6 | E21: =SUMIFS(Položky!$H$2:$H$38,Položky!$E$2:$E$38,$B21) -> 42.71 | F21: =SUMIFS(Položky!$F$2:$F$38,Položky!$E$2:$E$38,$B21) -> 2 | G21: =SUMIFS(Položky!$I$2:$I$38,Položky!$E$2:$E$38,$B21) -> 640 | H21: FOB Xiamen, China (Incoterms® 2020) | I21: Ne – viz poznámka | J21: Ne – ověřit v TARIC při zařazení do kap. 73 | K21: POZOR: Yealink navrhoval 7326 90 98 (ocel) = zboží podléhající CBAM. Při zařazení do 9403 20 80 CBAM neplatí. Jediná celně nenulová položka zásilky.
C22: CELKEM | D22: =SUM(D15:D21) -> 1142.99 | E22: =SUM(E15:E21) -> 1391.49 | F22: =SUM(F15:F21) -> 1416 | G22: =SUM(G15:G21) -> 69882
C24: KONTROLA PROTI DOKLADŮM | D24: Netto (kg) | E24: Brutto (kg) | F24: Množství (ks) | G24: Hodnota (USD)
C25: Součet tohoto souhrnu | D25: =D22 -> 1142.99 | E25: =E22 -> 1391.49 | F25: =F22 -> 1416 | G25: =G22 -> 69882
C26: Doklady (PL / faktura / B/L) | D26: 1142.99 | E26: 1391.49 | F26: 1416 | G26: 69882
C27: Rozdíl (musí být 0) | D27: =D25-D26 -> 0 | E27: =E25-E26 -> 0 | F27: =F25-F26 -> 0 | G27: =G25-G26 -> 0
A29: Zásilka má jediného odesílatele (Yealink Xiamen), proto je celý souhrn jedním blokem; HS kódy jsou sloučeny na unikátní řádky.
A30: HS kódy a české popisy převzaty z dokumentu klienta „PCV Computers – HS kódy“ (J. Bestrejková, 17.08.2026); mají přednost před kódy navrženými na faktuře Yealink.
A31: Hmotnosti sečteny z packing listu (jeden model může být na více paletách); hodnoty z faktury INVPCV-260729A1.
A32: Fakturovaná hodnota je FOB Xiamen – pro celní hodnotu je nutné připočíst přepravné a pojištění k hranici EU (freight collect).
A33: Žádná obchodní sleva není v dokladech uvedena – poměrné rozpuštění slevy se neuplatňuje.
A34: Kontrolní blok výše musí vykazovat nulový rozdíl proti packing listu, faktuře a B/L – jinak je v deklaraci chyba.

Sheet Položky
A1: Part Number | B1: Model | C1: Popis (EN) | D1: Popis CN (CZ) | E1: HS kód (klient) | F1: Množství (ks) | G1: Čistá hmotnost (kg) | H1: Hrubá hmotnost (kg) | I1: Hodnota (USD) | J1: HS kód dle faktury Yealink
A2: 1206675 | B2: A40-010 | C2: Video conferencing system | D2: Přepínací přístroje pro drátové sítě (All-in-one MeetingBar, WiFi dongle pro sdílení prezentace) | E2: 85176200 | F2: 1 | G2: 4.86 | H2: 5.68 | I2: 980 | J2: 8517 62 00
A3: 1301013 | B3: AX83H | C3: Wi-Fi IP phone | D3: VoIP telefony (SIP stolní telefony, DECT ručky a základnové stanice, Wi-Fi a 4G IP telefony) | E3: 85171800 | F3: 16 | G3: 5.89 | H3: 7.13 | I3: 1176 | J3: 8517 11 00 00
A4: 1208703 | B4: BH70 Dual Teams USB-C/A | C4: Bluetooth headset | D4: Sluchátka ostatní (bluetooth náhlavní soupravy, kožený náušník, SIP DECT odolná ručka) | E4: 85183000 | F4: 10 | G4: 3.61 | H4: 4.32 | I4: 640 | J4: 8518 30 00 90
A5: 1208709 | B5: BH71 Pro USB-C/A | C5: Bluetooth headset | D5: Sluchátka ostatní (bluetooth náhlavní soupravy, kožený náušník, SIP DECT odolná ručka) | E5: 85183000 | F5: 10 | G5: 1.34 | H5: 1.53 | I5: 600 | J5: 8518 30 00 90
A6: 3311059 | B6: Leather Ear Cushion WH62/66 | C6: Ear cushion | D6: Sluchátka ostatní (bluetooth náhlavní soupravy, kožený náušník, SIP DECT odolná ručka) | E6: 85183000 | F6: 50 | G6: 0.4 | H6: 0.54 | I6: 150 | J6: 8518 90 00
A7: 3311083 | B7: MB-FS-P650T | C7: Floor stand | D7: Kovový nábytek – rack (mobilní podlahový stojan pro MeetingBoard 65 Pro) | E7: 94032080 | F7: 2 | G7: 31.6 | H7: 42.71 | I7: 640 | J7: 7326 90 98
A8: 1306038 | B8: MSpeaker Pro | C8: Video conferencing soundbar | D8: Reproduktory jednoduché (videokonferenční a konferenční reproduktor) | E8: 85182100 | F8: 1 | G8: 3.01 | H8: 3.55 | I8: 200 | J8: 8518 22 00 90
A9: 1303185 | B9: PA20 | C9: Presentation assistant | D9: Přepínací přístroje pro drátové sítě (All-in-one MeetingBar, WiFi dongle pro sdílení prezentace) | E9: 85176200 | F9: 20 | G9: 1.68 | H9: 1.81 | I9: 3000 | J9: 8517 62 00 00
A10: 33150008 | B10: PSU-5V/2A-DC5.5(1.8M) | C10: Power adapter | D10: Statický měnič – ostatní (napájecí adaptér 5V 2A) | E10: 85044060 | F10: 50 | G10: 4.7 | H10: 6.44 | I10: 300 | J10: 8504 40 95 90
A11: 1301049 | B11: SIP-T31 | C11: Classic IP phone | D11: VoIP telefony (SIP stolní telefony, DECT ručky a základnové stanice, Wi-Fi a 4G IP telefony) | E11: 85171800 | F11: 101 | G11: 98.98 | H11: 119.28 | I11: 2300 | J11: 8517 1800
A12: 1301044 | B12: SIP-T31G | C12: Classic IP phone | D12: VoIP telefony (SIP stolní telefony, DECT ručky a základnové stanice, Wi-Fi a 4G IP telefony) | E12: 85171800 | F12: 202 | G12: 205.03 | H12: 249.07 | I12: 6200 | J12: 8517 1800
A13: 1301043 | B13: SIP-T31P | C13: Classic IP phone | D13: VoIP telefony (SIP stolní telefony, DECT ručky a základnové stanice, Wi-Fi a 4G IP telefony) | E13: 85171800 | F13: 202 | G13: 197.96 | H13: 238.97 | I13: 5400 | J13: 8517 1800
... A38: 1308232 | B38: YHS36 E2 Mono | C38: Analog wired headset | D38: Sluchátka ostatní (bluetooth náhlavní soupravy, kožený náušník, SIP DECT odolná ručka) | E38: 85183000 | F38: 10 | G38: 1.9 | H38: 2.58 | I38: 180 | J38: 8518 3000
C39: CELKEM | F39: =SUM(F2:F38) -> 1416 | G39: =SUM(G2:G38) -> 1142.99 | H39: =SUM(H2:H38) -> 1391.49 | I39: =SUM(I2:I38) -> 69882
A41: Žlutě zvýrazněné řádky = HS kód klienta se liší od kódu navrženého na faktuře Yealink.
A42: Zdroj: faktura INVPCV-260729A1 (množství, hodnota) + packing list PCV-260729A (hmotnosti, sečteno přes palety).

Sheet Poznámky
A1: DŮLEŽITÉ POZNÁMKY K ODBAVENÍ
A3: 1) PREFERENČNÍ PŮVOD (COO) – preferenční věta NENALEZENA
A4: V dodaných dokladech (faktura INVPCV-260729A1, packing list, B/L XMPR26080030) NENÍ uvedena preferenční věta.
A5: Země původu je ČÍNA. EU nemá s Čínou preferenční dohodu, preferenční sazební zacházení tedy není možné.
A6: → Uplatní se standardní celní sazba pro třetí země (erga omnes). Sazby ověřte v TARIC k datu propuštění.
A7: Většina položek (kap. 8517 / 8518 / 8504) je v rámci ITA bezcelní; jedinou potenciálně clem zatíženou položkou je podlahový stojan.
A9: 2) CBAM – PŘÍJEMCE NENÍ V REGISTRU
A10: PCV Computers, s.r.o. (DIČ CZ26084121) NEBYL nalezen v reference/CBAM_receivers_CZ.xlsx, list List1 –
A11: ani podle sloupce Firma, ani podle EORI. Není ani mezi společnostmi využívajícími sdílený účet CBAM-CZ-2025-QGM67089385721.
A12: → Nelze uvést žádný Y kód (Y128 / Y238 / Y137). Prosím ověřte firmu a doplňte ji do registru.
A13: Podle HS kódů klienta CBAM na tuto zásilku nedopadá (8504 / 8517 / 8518 / 9403 nejsou zbožím dle přílohy I CBAM).
A14: ALE: Yealink navrhoval pro podlahový stojan MB-FS-P650T kód 7326 90 98 (výrobky ze železa/oceli) – to JE zboží podléhající CBAM.
... A42: Drobný rozdíl v objemu: packing list uvádí 11,453 CBM, B/L 10,300 CBM. Hrubá hmotnost 1 391,49 kg souhlasí v obou dokladech.
