Workbook

Sheet Summary
A1: HS CODE SUMMARY — Sonik Sports, shipment NBSE2605844
A2: Client / Consignee | B2: SONIK SPORTS CZECH LOGISTICS (Sonik Sports Limited), Osov 75, 267 25 Osov, Czech Republic — EORI CZ00015236976
A3: Sender / Shipper | B3: NINGBO S.SHINE TRADING CO.,LTD (China)
A4: Master B/L | B4: NBSE2605844 · House/lot: NBSE26050687M01 · OOCL sea waybill: OOLU8882121400
A5: Vessel / Route | B5: CMA CGM ADONIS V.0BENVW — Ningbo, China → Koper (on board 21–22 May 2026)
A6: Containers | B6: OOCU5371915 (40'HC, 1 068 ctns, inv. STS168-1) + CSNU6903652 (40'HC, 389 ctns, inv. STS168-2)
A7: Invoices | B7: STS168-1 (USD 173 243.70) + STS168-2 (USD 14 576.64), dated 28 May 2026, FOB Ningbo — values in USD
A8: Country of origin | B8: CHINA (per both invoices)
A10: ⚠ PREFERENČNÍ VĚTA: NOT present in the documents. Both invoices state only "Country of origin: CHINA" — no preferential-origin declaration (and none applies for CN). Standard third-country duty applies at clearance.
A12: Sender | B12: HS code | C12: Description (CZ) | D12: Description (EN) | E12: Net weight (kg) | F12: Gross weight (kg) | G12: Quantity (pcs) | H12: Cartons | I12: Customs value (USD) | J12: CBAM | K12: Antidumping
A13: NINGBO S.SHINE TRADING CO.,LTD | B13: 9507300000 | C13: cívka / Naviják / rybářský naviják spool / rybářský naviják / Cívka díly | D13: Spool / Reel / Reel - part | E13: =SUMIFS(Detail!$K$2:$K$61,Detail!$F$2:$F$61,B13,Detail!$A$2:$A$61,A13) -> 1600.8 | F13: =SUMIFS(Detail!$L$2:$L$61,Detail!$F$2:$F$61,B13,Detail!$A$2:$A$61,A13) -> 1852.9 | G13: =SUMIFS(Detail!$J$2:$J$61,Detail!$F$2:$F$61,B13,Detail!$A$2:$A$61,A13) -> 4112 | H13: =SUMIFS(Detail!$I$2:$I$61,Detail!$F$2:$F$61,B13,Detail!$A$2:$A$61,A13) -> 253 | I13: =SUMIFS(Detail!$M$2:$M$61,Detail!$F$2:$F$61,B13,Detail!$A$2:$A$61,A13) -> 46049.5 | J13: NE | K13: —
A14: NINGBO S.SHINE TRADING CO.,LTD | B14: 5404190090 | C14: Vlasec | D14: Fishing Line | E14: =SUMIFS(Detail!$K$2:$K$61,Detail!$F$2:$F$61,B14,Detail!$A$2:$A$61,A14) -> 231.9 | F14: =SUMIFS(Detail!$L$2:$L$61,Detail!$F$2:$F$61,B14,Detail!$A$2:$A$61,A14) -> 251.9 | G14: =SUMIFS(Detail!$J$2:$J$61,Detail!$F$2:$F$61,B14,Detail!$A$2:$A$61,A14) -> 904 | H14: =SUMIFS(Detail!$I$2:$I$61,Detail!$F$2:$F$61,B14,Detail!$A$2:$A$61,A14) -> 20 | I14: =SUMIFS(Detail!$M$2:$M$61,Detail!$F$2:$F$61,B14,Detail!$A$2:$A$61,A14) -> 4644.2 | J14: NE | K14: —
A15: NINGBO S.SHINE TRADING CO.,LTD | B15: 9507900000 | C15: Rozmetací blok / Síť / držák prutu / Rukojeť / Zámek tyče / rybářský alarm / síťovina | D15: Spreder Block / Net / Rod Pod / Grip / Rod Lock / Alarm | E15: =SUMIFS(Detail!$K$2:$K$61,Detail!$F$2:$F$61,B15,Detail!$A$2:$A$61,A15) -> 4248.6 | F15: =SUMIFS(Detail!$L$2:$L$61,Detail!$F$2:$F$61,B15,Detail!$A$2:$A$61,A15) -> 4736.6 | G15: =SUMIFS(Detail!$J$2:$J$61,Detail!$F$2:$F$61,B15,Detail!$A$2:$A$61,A15) -> 13610 | H15: =SUMIFS(Detail!$I$2:$I$61,Detail!$F$2:$F$61,B15,Detail!$A$2:$A$61,A15) -> 488 | I15: =SUMIFS(Detail!$M$2:$M$61,Detail!$F$2:$F$61,B15,Detail!$A$2:$A$61,A15) -> 61345.1 | J15: NE | K15: —
A16: NINGBO S.SHINE TRADING CO.,LTD | B16: 3923109090 | C16: Krabice | D16: Box | E16: =SUMIFS(Detail!$K$2:$K$61,Detail!$F$2:$F$61,B16,Detail!$A$2:$A$61,A16) -> 1127.897 | F16: =SUMIFS(Detail!$L$2:$L$61,Detail!$F$2:$F$61,B16,Detail!$A$2:$A$61,A16) -> 1230.797 | G16: =SUMIFS(Detail!$J$2:$J$61,Detail!$F$2:$F$61,B16,Detail!$A$2:$A$61,A16) -> 1570 | H16: =SUMIFS(Detail!$I$2:$I$61,Detail!$F$2:$F$61,B16,Detail!$A$2:$A$61,A16) -> 103 | I16: =SUMIFS(Detail!$M$2:$M$61,Detail!$F$2:$F$61,B16,Detail!$A$2:$A$61,A16) -> 10358.2 | J16: NE | K16: —
A17: NINGBO S.SHINE TRADING CO.,LTD | B17: 7616999099 | C17: držet / Tyče na pruty | D17: Stick / Rod Bars | E17: =SUMIFS(Detail!$K$2:$K$61,Detail!$F$2:$F$61,B17,Detail!$A$2:$A$61,A17) -> 581.5 | F17: =SUMIFS(Detail!$L$2:$L$61,Detail!$F$2:$F$61,B17,Detail!$A$2:$A$61,A17) -> 649.5 | G17: =SUMIFS(Detail!$J$2:$J$61,Detail!$F$2:$F$61,B17,Detail!$A$2:$A$61,A17) -> 2920 | H17: =SUMIFS(Detail!$I$2:$I$61,Detail!$F$2:$F$61,B17,Detail!$A$2:$A$61,A17) -> 93 | I17: =SUMIFS(Detail!$M$2:$M$61,Detail!$F$2:$F$61,B17,Detail!$A$2:$A$61,A17) -> 12053.7 | J17: ANO – hliníkový výrobek (kap. 76) – CBAM | K17: PROVĚŘIT – možné antidumpingové clo: hliníkové výlisky z ČLR (nař. (EU) 2021/546, AD655)
A18: NINGBO S.SHINE TRADING CO.,LTD | B18: 4016999190 | C18: úchop prutu | D18: Rod grip | E18: =SUMIFS(Detail!$K$2:$K$61,Detail!$F$2:$F$61,B18,Detail!$A$2:$A$61,A18) -> 64 | F18: =SUMIFS(Detail!$L$2:$L$61,Detail!$F$2:$F$61,B18,Detail!$A$2:$A$61,A18) -> 72 | G18: =SUMIFS(Detail!$J$2:$J$61,Detail!$F$2:$F$61,B18,Detail!$A$2:$A$61,A18) -> 4000 | H18: =SUMIFS(Detail!$I$2:$I$61,Detail!$F$2:$F$61,B18,Detail!$A$2:$A$61,A18) -> 8 | I18: =SUMIFS(Detail!$M$2:$M$61,Detail!$F$2:$F$61,B18,Detail!$A$2:$A$61,A18) -> 3680 | J18: NE | K18: —
A19: NINGBO S.SHINE TRADING CO.,LTD | B19: 8531202090 | C19: Měřítko / rybářský alarm | D19: Scale / Alarm | E19: =SUMIFS(Detail!$K$2:$K$61,Detail!$F$2:$F$61,B19,Detail!$A$2:$A$61,A19) -> 698.3 | F19: =SUMIFS(Detail!$L$2:$L$61,Detail!$F$2:$F$61,B19,Detail!$A$2:$A$61,A19) -> 789.3 | G19: =SUMIFS(Detail!$J$2:$J$61,Detail!$F$2:$F$61,B19,Detail!$A$2:$A$61,A19) -> 1850 | H19: =SUMIFS(Detail!$I$2:$I$61,Detail!$F$2:$F$61,B19,Detail!$A$2:$A$61,A19) -> 91 | I19: =SUMIFS(Detail!$M$2:$M$61,Detail!$F$2:$F$61,B19,Detail!$A$2:$A$61,A19) -> 31843 | J19: NE | K19: —
A20: NINGBO S.SHINE TRADING CO.,LTD | B20: 8513100000 | C20: Pochodeň | D20: Torch | E20: =SUMIFS(Detail!$K$2:$K$61,Detail!$F$2:$F$61,B20,Detail!$A$2:$A$61,A20) -> 84 | F20: =SUMIFS(Detail!$L$2:$L$61,Detail!$F$2:$F$61,B20,Detail!$A$2:$A$61,A20) -> 96 | G20: =SUMIFS(Detail!$J$2:$J$61,Detail!$F$2:$F$61,B20,Detail!$A$2:$A$61,A20) -> 600 | H20: =SUMIFS(Detail!$I$2:$I$61,Detail!$F$2:$F$61,B20,Detail!$A$2:$A$61,A20) -> 12 | I20: =SUMIFS(Detail!$M$2:$M$61,Detail!$F$2:$F$61,B20,Detail!$A$2:$A$61,A20) -> 3270 | J20: NE | K20: —
A21: NINGBO S.SHINE TRADING CO.,LTD | B21: 3923900000 | C21: Úložný box | D21: Storage box | E21: =SUMIFS(Detail!$K$2:$K$61,Detail!$F$2:$F$61,B21,Detail!$A$2:$A$61,A21) -> 4715 | F21: =SUMIFS(Detail!$L$2:$L$61,Detail!$F$2:$F$61,B21,Detail!$A$2:$A$61,A21) -> 5104 | G21: =SUMIFS(Detail!$J$2:$J$61,Detail!$F$2:$F$61,B21,Detail!$A$2:$A$61,A21) -> 3088 | H21: =SUMIFS(Detail!$I$2:$I$61,Detail!$F$2:$F$61,B21,Detail!$A$2:$A$61,A21) -> 389 | I21: =SUMIFS(Detail!$M$2:$M$61,Detail!$F$2:$F$61,B21,Detail!$A$2:$A$61,A21) -> 14576.64 | J21: NE | K21: —
A22: TOTAL | E22: =SUM(E13:E21) -> 13351.997 | F22: =SUM(F13:F21) -> 14782.997 | G22: =SUM(G13:G21) -> 32654 | H22: =SUM(H13:H21) -> 1457 | I22: =SUM(I13:I21) -> 187820.34
A24: Notes:
A25: 1. One sender only (Ningbo S.Shine Trading) — line items merged to unique HS codes within this sender; both invoices/containers combined.
A26: 2. HS codes + Czech descriptions taken from the client-annotated invoice copies ("Copy_of_SK131041/42"), which take priority. Czech description used wherever available (all lines).
A27: 3. Discrepancies vs. B/L OOLU8882121400 to verify before declaration:
A28: - Digital folding scales HC0090: invoice HS 8531202090, but B/L shows HS 842310 (weighing machinery) for the matching 40 ctns / 340 kg.
A29: - StackSmart storage boxes: invoice HS 3923900000, B/L shows 392310.
A30: - Spring grips HC0110/0111: invoice HS 4016999190 (rubber), B/L groups them under 950790.
A31: - B/L lists 3 ctns / 35 kg "METAL CHAIN" HS 830810 and 15 ctns / 154 kg HS 481910 — neither code appears in the invoices (the 481910 weight matches LOKBOX COMPACT VC0003).
A32: 4. No trade discount on either invoice — no proportional discount applied. Values are FOB Ningbo, USD.
A33: 5. CBAM: HS 7616999099 (aluminium bank sticks / buzz bars, 581.5 kg net, USD 12 053.70) falls under CBAM chapter 76 — importer CBAM reporting obligation.
A34: 6. Antidumping: same 7616999099 items may fall within scope of EU AD measures on aluminium extrusions from China (Reg. (EU) 2021/546) — verify product scope before clearance.
A35: Source: invoices & packing lists STS168-1 / STS168-2, B/L NBSE2605844, OOCL waybill OOLU8882121400, pre-alert NBSE26050687M01 (uploaded 17 Jul 2026).

Sheet Detail
A1: Sender | B1: Invoice | C1: Container | D1: Item code | E1: Item name | F1: HS code | G1: Description CZ | H1: Description EN | I1: Cartons | J1: Quantity (pcs) | K1: Net weight (kg) | L1: Gross weight (kg) | M1: Value (USD)
A2: NINGBO S.SHINE TRADING CO.,LTD | B2: STS168-1 | C2: OOCU5371915 | D2: BC0027 | E2: HEROX 8000 SPARE SPOOL | F2: 9507300000 | G2: cívka | H2: Spool | I2: 1 | J2: 50 | K2: 5 | L2: 6 | M2: 163.5
A3: NINGBO S.SHINE TRADING CO.,LTD | B3: STS168-1 | C3: OOCU5371915 | D3: BC0055 | E3: XTRACTOR FS 6000 LC | F3: 9507300000 | G3: Naviják | H3: Reel | I3: 50 | J3: 500 | K3: 330 | L3: 380 | M3: 7250
A4: NINGBO S.SHINE TRADING CO.,LTD | B4: STS168-1 | C4: OOCU5371915 | D4: RC0045 | E4: SUBSONIK INVISICAM 15LB 1200M (0.31mm) | F4: 5404190090 | G4: Vlasec | H4: Fishing Line | I4: 9 | J4: 404 | K4: 99.9 | L4: 108.9 | M4: 2444.2
A5: NINGBO S.SHINE TRADING CO.,LTD | B5: STS168-1 | C5: OOCU5371915 | D5: RC0066 | E5: HI-VISICAM 18LB 1200M(0.35mm)ORANGE | F5: 5404190090 | G5: Vlasec | H5: Fishing Line | I5: 11 | J5: 500 | K5: 132 | L5: 143 | M5: 2200
A6: NINGBO S.SHINE TRADING CO.,LTD | B6: STS168-1 | C6: OOCU5371915 | D6: CC0006 | E6: SONIK SPREADER BLOCK | F6: 9507900000 | G6: Rozmetací blok | H6: Spreder Block | I6: 2 | J6: 500 | K6: 34.9 | L6: 36.9 | M6: 550
A7: NINGBO S.SHINE TRADING CO.,LTD | B7: STS168-1 | C7: OOCU5371915 | D7: CC0007 | E7: SONIK OLIVE NET MESH 42" | F7: 9507900000 | G7: Síť | H7: Net | I7: 4 | J7: 200 | K7: 66 | L7: 70 | M7: 458
A8: NINGBO S.SHINE TRADING CO.,LTD | B8: STS168-1 | C8: OOCU5371915 | D8: CC0007 | E8: SONIK OLIVE NET MESH 42" | F8: 9507900000 | G8: Síť | H8: Net | I8: 10 | J8: 500 | K8: 165 | L8: 175 | M8: 1145
A9: NINGBO S.SHINE TRADING CO.,LTD | B9: STS168-1 | C9: OOCU5371915 | D9: CC0011 | E9: HEROX LANDING NET 42" 2PC 6FT | F9: 9507900000 | G9: Síť | H9: Net | I9: 50 | J9: 500 | K9: 435 | L9: 485 | M9: 5390
A10: NINGBO S.SHINE TRADING CO.,LTD | B10: STS168-1 | C10: OOCU5371915 | D10: CC0015 | E10: SK-47 NET 50" 2PC 2.20m | F10: 9507900000 | G10: Síť | H10: Net | I10: 30 | J10: 300 | K10: 318 | L10: 348 | M10: 6270
A11: NINGBO S.SHINE TRADING CO.,LTD | B11: STS168-1 | C11: OOCU5371915 | D11: CC0016 | E11: XTRACTOR+ NET 42" (T44) | F11: 9507900000 | G11: Síť | H11: Net | I11: 20 | J11: 200 | K11: 170 | L11: 190 | M11: 3820
A12: NINGBO S.SHINE TRADING CO.,LTD | B12: STS168-1 | C12: OOCU5371915 | D12: CC0017 | E12: XTRACTOR+ RECON NET 42" (T30) | F12: 9507900000 | G12: Síť | H12: Net | I12: 20 | J12: 200 | K12: 152 | L12: 172 | M12: 3800
A13: NINGBO S.SHINE TRADING CO.,LTD | B13: STS168-1 | C13: OOCU5371915 | D13: 22000011.0 | E13: NYTRO STARKX FS DOUBLE FEEDER BOX 360 | F13: 3923109090 | G13: Krabice | H13: Box | I13: 27 | J13: 240 | K13: 205.2 | L13: 232.2 | M13: 938.4
... A61: NINGBO S.SHINE TRADING CO.,LTD | B61: STS168-2 | C61: CSNU6903652 | D61: VC0018 | E61: SONIK STACKSMART STORAGE BOX LARGE | F61: 3923900000 | G61: Úložný box | H61: Storage box | I61: 180 | J61: 1080 | K61: 2304 | L61: 2484 | M61: 6933.6
A62: TOTAL | I62: =SUM(I2:I61) -> 1457 | J62: =SUM(J2:J61) -> 32654 | K62: =SUM(K2:K61) -> 13351.997 | L62: =SUM(L2:L61) -> 14782.997 | M62: =SUM(M2:M61) -> 187820.34
