Workbook

Sheet Part summary
A1: PART NUMBER SUMMARY - Wistron export VV726800136
A2: Client / shipper: | B2: WISTRON CORPORATION, Hsinchu County, Taiwan
A3: Consignee (CZ): | B3: Wistron Corp. c/o Jusda Europe s.r.o. (non-bond), Karlov 245, Kutna Hora, EORI CZ00000000049
A4: Export No. / shipment: | B4: VV726800136 (packing list CVV726800114)
A5: Invoice date: | B5: 2026/08/12
A6: Incoterm: | B6: DDP KUTNA HORA
A7: Country of origin: | B7: Vietnam (shipped from Hanoi, by air)
A8: Currency: | B8: USD
A11: Part number | B11: Description | C11: HS code | D11: Country of origin | E11: Invoice No. | F11: Packing No. | G11: Quantity (PCS) | H11: Unit price (USD) | I11: Total price (USD) | J11: Net weight (kg) | K11: Gross weight (kg) | L11: Incoterm
A12: R7C75-60501 | B12: PCA, 2U COMMON BACKPLANE, RAIDER | C12: 8473302000 | D12: Vietnam | E12: 8705784390 | F12: P7V72680221 | G12: 240 | H12: 500.51 | I12: =G12*H12 | J12: =G12*INDEX('Packing list'!$C$4:$C$8,MATCH(F12,'Packing list'!$A$4:$A$8,0))/INDEX('Packing list'!$B$4:$B$8,MATCH(F12,'Packing list'!$A$4:$A$8,0)) | K12: =G12*INDEX('Packing list'!$D$4:$D$8,MATCH(F12,'Packing list'!$A$4:$A$8,0))/INDEX('Packing list'!$B$4:$B$8,MATCH(F12,'Packing list'!$A$4:$A$8,0)) | L12: DDP KUTNA HORA
A13: P51267-001 | B13: ASSY, DISCOVERY, MODULE W/PCA, RAIDER | C13: 8473302000 | D13: Vietnam | E13: 8705784386 | F13: P7V72680222 | G13: 384 | H13: 194.59 | I13: =G13*H13 | J13: =G13*INDEX('Packing list'!$C$4:$C$8,MATCH(F13,'Packing list'!$A$4:$A$8,0))/INDEX('Packing list'!$B$4:$B$8,MATCH(F13,'Packing list'!$A$4:$A$8,0)) | K13: =G13*INDEX('Packing list'!$D$4:$D$8,MATCH(F13,'Packing list'!$A$4:$A$8,0))/INDEX('Packing list'!$B$4:$B$8,MATCH(F13,'Packing list'!$A$4:$A$8,0)) | L13: DDP KUTNA HORA
A14: R7C75-60503 | B14: PCA, THERMAL SENSOR BOARD RAIDER | C14: 8473302000 | D14: Vietnam | E14: 8705784378 | F14: P7V72680227 | G14: 364 | H14: 14.59 | I14: =G14*H14 | J14: =G14*INDEX('Packing list'!$C$4:$C$8,MATCH(F14,'Packing list'!$A$4:$A$8,0))/INDEX('Packing list'!$B$4:$B$8,MATCH(F14,'Packing list'!$A$4:$A$8,0)) | K14: =G14*INDEX('Packing list'!$D$4:$D$8,MATCH(F14,'Packing list'!$A$4:$A$8,0))/INDEX('Packing list'!$B$4:$B$8,MATCH(F14,'Packing list'!$A$4:$A$8,0)) | L14: DDP KUTNA HORA
A15: R7C79-60201 | B15: PCA, 7 SEGMENT DISPLAY RAIDER | C15: 8473302000 | D15: Vietnam | E15: 8705784380 | F15: P7V72680227 | G15: 756 | H15: 20.91 | I15: =G15*H15 | J15: =G15*INDEX('Packing list'!$C$4:$C$8,MATCH(F15,'Packing list'!$A$4:$A$8,0))/INDEX('Packing list'!$B$4:$B$8,MATCH(F15,'Packing list'!$A$4:$A$8,0)) | K15: =G15*INDEX('Packing list'!$D$4:$D$8,MATCH(F15,'Packing list'!$A$4:$A$8,0))/INDEX('Packing list'!$B$4:$B$8,MATCH(F15,'Packing list'!$A$4:$A$8,0)) | L15: DDP KUTNA HORA
A16: R7C79-60304 | B16: PCA, ETHERNET MEZZ CARD RAIDER | C16: 8473302000 | D16: Vietnam | E16: 8705784383 | F16: P7V72680227 | G16: 240 | H16: 177.16 | I16: =G16*H16 | J16: =G16*INDEX('Packing list'!$C$4:$C$8,MATCH(F16,'Packing list'!$A$4:$A$8,0))/INDEX('Packing list'!$B$4:$B$8,MATCH(F16,'Packing list'!$A$4:$A$8,0)) | K16: =G16*INDEX('Packing list'!$D$4:$D$8,MATCH(F16,'Packing list'!$A$4:$A$8,0))/INDEX('Packing list'!$B$4:$B$8,MATCH(F16,'Packing list'!$A$4:$A$8,0)) | L16: DDP KUTNA HORA
A17: P43802-001 | B17: GNRC, PCA, DL20G10+, 4SFF BP | C17: 8473302000 | D17: Vietnam | E17: 8705785506 | F17: P7V72680230 | G17: 180 | H17: 29.06 | I17: =G17*H17 | J17: =G17*INDEX('Packing list'!$C$4:$C$8,MATCH(F17,'Packing list'!$A$4:$A$8,0))/INDEX('Packing list'!$B$4:$B$8,MATCH(F17,'Packing list'!$A$4:$A$8,0)) | K17: =G17*INDEX('Packing list'!$D$4:$D$8,MATCH(F17,'Packing list'!$A$4:$A$8,0))/INDEX('Packing list'!$B$4:$B$8,MATCH(F17,'Packing list'!$A$4:$A$8,0)) | L17: DDP KUTNA HORA
A18: P59903-001 | B18: GNRC, PCA, SHORT 1U RACK GEN11 PDB | C18: 8473302000 | D18: Vietnam | E18: 8705784866 | F18: P7V72680232 | G18: 336 | H18: 73.41 | I18: =G18*H18 | J18: =G18*INDEX('Packing list'!$C$4:$C$8,MATCH(F18,'Packing list'!$A$4:$A$8,0))/INDEX('Packing list'!$B$4:$B$8,MATCH(F18,'Packing list'!$A$4:$A$8,0)) | K18: =G18*INDEX('Packing list'!$D$4:$D$8,MATCH(F18,'Packing list'!$A$4:$A$8,0))/INDEX('Packing list'!$B$4:$B$8,MATCH(F18,'Packing list'!$A$4:$A$8,0)) | L18: DDP KUTNA HORA
A19: TOTAL - all invoices | E19: 7 invoices | G19: =SUM(G12:G18) | I19: =SUM(I12:I18) | J19: =SUM(J12:J18) | K19: =SUM(K12:K18)
A21: TOTAL PRICE OF ALL INVOICES (USD): | G21: =I19
A23: Notes / assumptions:
A24: 1. One row per part number. All 7 part numbers fall under the same HS code 8473302000, so the classification is presented per part number as requested.
A25: 2. Quantity, unit price, total price and invoice number are taken from the individual Wistron invoices (blue cells). Total price = quantity x unit price.
A26: 3. Net and gross weights come from the packing list CVV726800114, which reports them per pallet (Packing No.), not per part number.
A27: Pallet P7V72680227 contains 3 part numbers (R7C75-60503, R7C79-60201, R7C79-60304) sharing 24.688 kg net / 72.500 kg gross.
A28: Their weights below are APPORTIONED BY QUANTITY (pallet weight x part qty / pallet qty) - an estimate, not a documented per-part weight.
A29: All other parts are alone on their pallet, so their weights are exact.
A30: 4. Description language: no Czech description exists in the source documents, so the original English descriptions are used.
A31: 5. Cross-check: 2 500 PCS / 322.408 kg net / 596.500 kg gross here equals the packing list summary total.
A32: 6. Preferential origin statement and CBAM were not assessed - excluded at your request.

Sheet Packing list
A1: Packing list CVV726800114 - pallet level (source: Wistron packing list, 2026/08/12)
A3: Packing No. | B3: Quantity (PCS) | C3: Net weight (kg) | D3: Gross weight (kg) | E3: Cartons | F3: Measurement
A4: P7V72680221 | B4: 240 | C4: 142.32 | D4: 225 | E4: 12 | F4: 120*100*116.6 CM
A5: P7V72680222 | B5: 384 | C5: 96 | D5: 166 | E5: 24 | F5: 120*100*98.4 CM
A6: P7V72680227 | B6: 1360 | C6: 24.688 | D6: 72.5 | E6: 16 | F6: 120*100*74 CM
A7: P7V72680230 | B7: 180 | C7: 9 | D7: 33 | E7: 3 | F7: 120*100*46.4 CM
A8: P7V72680232 | B8: 336 | C8: 50.4 | D8: 100 | E8: 21 | F8: 120*100*116 CM
A9: TOTAL | B9: =SUM(B4:B8) | C9: =SUM(C4:C8) | D9: =SUM(D4:D8) | E9: =SUM(E4:E8)
A11: Blue = value taken verbatim from the packing list. Pallet P7V72680227 holds 3 different part numbers; the packing list gives no per-part weight split for it.
