Workbook

Sheet HS Code Summary
A1: SOUHRN HS KÓDŮ / HS CODE SUMMARY
A3: Klient / Client | C3: KLIMATIKA jknp s.r.o., Dolany 690, 783 16 Dolany, CZ — DIČ CZ06212697
A4: Odesílatel / Sender (exporter) | C4: GROUPE AIRWELL SA, 10 rue du Fort de Saint Cyr, 78180 Montigny le Bretonneux, France — EORI FR92044332200010
A5: Zásilka / Shipment (HBL) | C5: DK26070098CNWAYCZMNKFD (HBL DK26070098-B) • 1 × 40'HQ • kontejner MRSU2515573
A6: Faktury / Invoices | C6: FAD-1271-2026 (placené zboží) • FAD-1272-2026 (jednotky zdarma / FOC) • FAD-1273-2026 + FAD-1274-2026 (F-gas příspěvek)
A7: Objednávka / PO | C7: ORDER NO. 262000279 • PO Airwell 28583 • FOC: FOC UNITS 1% PO 28583 (28606)
A8: INCOTERM | C8: FOB WAIYUN, ZHONGSHAN, CHINA (Incoterms® ICC 2020)
A9: Trasa / Routing | C9: Waiyun, Zhongshan (CN) → Bremerhaven (DE) → Mělník (CZ) • plavidlo DA FENG 3025/6275 • shipped on board 03/07/2026 • freight COLLECT
A10: Země původu / Country of origin | C10: ČÍNA / CHINA (CN) — „MADE IN CHINA“, na všech řádcích faktur „Country of origin: CHINE“
A11: Měna / Currency | C11: EUR
A12: Kartony / Cartons | C12: 499
A13: Objem / Volume (CBM) | C13: 65.16
A14: Datum zpracování / Prepared | C14: 31/07/2026
A15: FOB poplatek / FOB charge (EUR) | C15: 470 | D15: Vstupní hodnota / input — manipulační a stuffing poplatek 470 EUR/kontejner účtovaný prodávajícím (FAD-1271-2026, VOP čl. 6.1). Rozpouští se poměrem k hodnotě do celní hodnoty.
A17: Odesílatel / Sender | B17: HS kód | C17: Typ / Type | D17: CHLADIVO (F-plyny) | E17: Popis zboží (CZ) | F17: Description (EN) | G17: Množství / Quantity (ks) | H17: Čistá hmotnost / Net weight (kg) | I17: Hrubá hmotnost / Gross weight (kg) | J17: Fakturovaná hodnota (EUR) | K17: Hodnota jednotek zdarma FOC (EUR) | L17: Podíl FOB poplatku (EUR) | M17: CELNÍ HODNOTA (EUR) | N17: F-plyny (t CO2e, dle rozpisu jednotek) | O17: Incoterm | P17: Země původu | Q17: Preferenční původ (preferenční věta) | R17: CBAM | S17: Antidumping
A18: GROUPE AIRWELL SA (FR) | B18: 84151090 | C18: Vnitřní / Indoor | D18: NE – bez chladiva | E18: Klimatizační jednotky typu split – VNITŘNÍ jednotky, BEZ obsahu chladícího média | F18: Split-system air conditioners – INDOOR units, no refrigerant charge | G18: =SUMIFS('Line items'!$L$5:$L$17,'Line items'!$G$5:$G$17,$B18,'Line items'!$F$5:$F$17,$C18) -> 250 | H18: =SUMIFS('Line items'!$M$5:$M$17,'Line items'!$G$5:$G$17,$B18,'Line items'!$F$5:$F$17,$C18) -> 2383.55 | I18: =SUMIFS('Line items'!$N$5:$N$17,'Line items'!$G$5:$G$17,$B18,'Line items'!$F$5:$F$17,$C18) -> 2836.44 | J18: =SUMIFS('Line items'!$P$5:$P$17,'Line items'!$G$5:$G$17,$B18,'Line items'!$F$5:$F$17,$C18) -> 18647.19 | K18: =SUMIFS('Line items'!$Q$5:$Q$17,'Line items'!$G$5:$G$17,$B18,'Line items'!$F$5:$F$17,$C18) -> 286.02 | L18: =ROUND($C$15*J18/'Line items'!$P$18,2) -> 161.32 | M18: =J18+K18+L18 -> 19094.53 | N18: — | O18: FOB WAIYUN, ZHONGSHAN, CHINA | P18: CN – Čína / China | Q18: NE – preferenční věta v dokladech NENÍ | R18: NE / No | S18: Nezjištěno – ověřit v TARIC
A19: GROUPE AIRWELL SA (FR) | B19: 84151090 | C19: Venkovní / Outdoor | D19: ANO – předplněné | E19: Klimatizační jednotky typu split – VENKOVNÍ jednotky, PŘEDPLNĚNÉ chladícím médiem | F19: Split-system air conditioners – OUTDOOR units, pre-charged with F-gas | G19: =SUMIFS('Line items'!$L$5:$L$17,'Line items'!$G$5:$G$17,$B19,'Line items'!$F$5:$F$17,$C19) -> 248 | H19: =SUMIFS('Line items'!$M$5:$M$17,'Line items'!$G$5:$G$17,$B19,'Line items'!$F$5:$F$17,$C19) -> 6303.26 | I19: =SUMIFS('Line items'!$N$5:$N$17,'Line items'!$G$5:$G$17,$B19,'Line items'!$F$5:$F$17,$C19) -> 6907.4 | J19: =SUMIFS('Line items'!$P$5:$P$17,'Line items'!$G$5:$G$17,$B19,'Line items'!$F$5:$F$17,$C19) -> 33613.6 | K19: =SUMIFS('Line items'!$Q$5:$Q$17,'Line items'!$G$5:$G$17,$B19,'Line items'!$F$5:$F$17,$C19) -> 295.72 | L19: =ROUND($C$15*J19/'Line items'!$P$18,2) -> 290.8 | M19: =J19+K19+L19 -> 34200.12 | N19: ='F-gas'!$H$9 -> 106.822 | O19: FOB WAIYUN, ZHONGSHAN, CHINA | P19: CN – Čína / China | Q19: NE – preferenční věta v dokladech NENÍ | R19: NE / No | S19: Nezjištěno – ověřit v TARIC
A20: GROUPE AIRWELL SA (FR) | B20: 84159000 | C20: Díl / Part | D20: NE – bez chladiva | E20: Wifi modul – části a součásti klimatizačních jednotek | F20: Wifi module – parts of air conditioning machines | G20: =SUMIFS('Line items'!$L$5:$L$17,'Line items'!$G$5:$G$17,$B20,'Line items'!$F$5:$F$17,$C20) -> 246 | H20: =SUMIFS('Line items'!$M$5:$M$17,'Line items'!$G$5:$G$17,$B20,'Line items'!$F$5:$F$17,$C20) -> 4 | I20: =SUMIFS('Line items'!$N$5:$N$17,'Line items'!$G$5:$G$17,$B20,'Line items'!$F$5:$F$17,$C20) -> 4.6 | J20: =SUMIFS('Line items'!$P$5:$P$17,'Line items'!$G$5:$G$17,$B20,'Line items'!$F$5:$F$17,$C20) -> 2066.4 | K20: =SUMIFS('Line items'!$Q$5:$Q$17,'Line items'!$G$5:$G$17,$B20,'Line items'!$F$5:$F$17,$C20) -> 0 | L20: =ROUND($C$15*J20/'Line items'!$P$18,2) -> 17.88 | M20: =J20+K20+L20 -> 2084.28 | N20: — | O20: FOB WAIYUN, ZHONGSHAN, CHINA | P20: CN – Čína / China | Q20: NE – preferenční věta v dokladech NENÍ | R20: NE / No | S20: Nezjištěno – ověřit v TARIC
A21: CELKEM / TOTAL | G21: =SUM(G18:G20) -> 744 | H21: =SUM(H18:H20) -> 8690.81 | I21: =SUM(I18:I20) -> 9748.44 | J21: =SUM(J18:J20) -> 54327.19 | K21: =SUM(K18:K20) -> 581.74 | L21: =SUM(L18:L20) -> 470 | M21: =SUM(M18:M20) -> 55378.93
A23: STAVBA CELNÍ HODNOTY / CUSTOMS VALUE BUILD-UP
A24: Fakturovaná hodnota zboží FAD-1271-2026 (Total Item Net Value) | G24: =J21 -> 54327.19 | H24: Placené zboží, EXW/FOB cena dle faktury.
A25: + Jednotky zdarma FOC (FAD-1272-2026) v hodnotě dle faktury | G25: =K21 -> 581.74 | H25: Sleva -100 % NEUPLATNĚNA pro celní účely – bezúplatné zboží nemá převodní hodnotu, oceňuje se dle čl. 74 UCC hodnotou stejného zboží (ceny z FAD-1271-2026 / FAD-1272-2026).
A26: + FOB poplatek (manipulace/stuffing 470 EUR/kontejner) | G26: =L21 -> 470 | H26: Součást ceny skutečně placené nebo která má být zaplacena.
A27: MEZISOUČET / SUBTOTAL (bez dopravného do EU) | G27: =M21 -> 55378.93 | H27: Odpovídá sloupci „CELNÍ HODNOTA“ v hlavní tabulce.
A28: + Námořní přepravné, THC a pojištění do hranice EU | G28: DOPLNIT | H28: CHYBÍ V PODKLADECH – dodání je FOB Waiyun a přepravné je „FREIGHT COLLECT“. Nutno doplnit z faktury dopravce (náklady až po vstup do celního území EU) – bez toho nelze celní hodnotu uzavřít.
A29: + F-gas příspěvek (FAD-1273-2026 2 117,00 EUR + FAD-1274-2026 18,20 EUR) | G29: 2135.2 | H29: K ROZHODNUTÍ: příspěvek za kvótu HFC účtovaný prodávajícím jako podmínka prodeje zboží obsahujícího F-plyny (vztahuje se jen k HS 84151090). Doporučuji zahrnout do celní hodnoty; potvrdit s klientem. Zahrnut i příspěvek k FOC jednotkám (18,20 EUR) – stejná logika jako u zboží zdarma. Bez FOC složky by částka činila 2 117,00 EUR.
A30: CELNÍ HODNOTA VČETNĚ F-GAS PŘÍSPĚVKU (bez dopravného do EU) | G30: =G27+G29 -> 57514.13 | H30: Nezahrnuje námořní přepravné/pojištění do hranice EU – viz řádek výše.

Sheet JSD položky
A1: NÁVRH POLOŽEK CELNÍHO PROHLÁŠENÍ / PROPOSED DECLARATION ITEMS
A2: Jedno JSD, pět položek. Členěno (1) podle HS kódu, (2) podle obsahu chladiva a (3) podle toho, zda jde o zboží placené nebo zdarma (FOC) – to má jinou metodu hodnocení a jiný druh obchodu. Vše jsou údaje na úrovni položky, samostatná JSD proto nejsou nutná. Při podání dvou JSD: položky 1, 2, 5 na jedno, položky 3 a 4 na druhé.
A4: Přepravné do hranice EU (EUR) | E4: ← DOPLNIT z faktury dopravce (námořní přepravné + THC + pojištění do místa vstupu do EU). Rozvrhuje se poměrem hrubé hmotnosti. Do doplnění zůstává podíl u položek nulový.
A6: Pol. č. | B6: HS kód | C6: CHLADIVO | D6: Popis zboží (CZ) | E6: Faktura | F6: Množství (ks) | G6: Čistá hm. (kg) | H6: Hrubá hm. (kg) | I6: Hodnota zboží (EUR) | J6: Podíl FOB poplatku (EUR) | K6: Podíl přepravného (EUR) | L6: CELNÍ HODNOTA (EUR) | M6: Metoda hodnocení | N6: Druh obchodu | O6: F-plyny (t CO2e) | P6: Poznámka
A7: 1 | B7: 84151090 | C7: NE | D7: Klimatizační jednotky split – VNITŘNÍ, bez obsahu chladícího média (placené zboží) | E7: FAD-1271-2026 | F7: =SUMIFS('Line items'!$J$5:$J$17,'Line items'!$G$5:$G$17,"84151090",'Line items'!$F$5:$F$17,"Vnitřní / Indoor") -> 246 | G7: =SUMPRODUCT(('Line items'!$G$5:$G$17="84151090")*('Line items'!$F$5:$F$17="Vnitřní / Indoor")*'Line items'!$J$5:$J$17*'Line items'!$M$5:$M$17/'Line items'!$L$5:$L$17) -> 2347.42 | H7: =SUMPRODUCT(('Line items'!$G$5:$G$17="84151090")*('Line items'!$F$5:$F$17="Vnitřní / Indoor")*'Line items'!$J$5:$J$17*'Line items'!$N$5:$N$17/'Line items'!$L$5:$L$17) -> 2792.91 | I7: =SUMIFS('Line items'!$P$5:$P$17,'Line items'!$G$5:$G$17,"84151090",'Line items'!$F$5:$F$17,"Vnitřní / Indoor") -> 18647.19 | J7: =ROUND('HS Code Summary'!$C$15*I7/'Line items'!$P$18,2) -> 161.32 | K7: =ROUND(IF($D$4="",0,$D$4)*H7/'Line items'!$N$18,2) -> 0 | L7: =I7+J7+K7 -> 18808.51 | M7: 1 – převodní hodnota dováženého zboží (čl. 70 UCC) | N7: 11 – koupě/prodej | O7: — | P7: Bez F-plynů.
A8: 2 | B8: 84151090 | C8: ANO | D8: Klimatizační jednotky split – VENKOVNÍ, předplněné chladícím médiem (placené zboží) | E8: FAD-1271-2026 | F8: =SUMIFS('Line items'!$J$5:$J$17,'Line items'!$G$5:$G$17,"84151090",'Line items'!$F$5:$F$17,"Venkovní / Outdoor") -> 246 | G8: =SUMPRODUCT(('Line items'!$G$5:$G$17="84151090")*('Line items'!$F$5:$F$17="Venkovní / Outdoor")*'Line items'!$J$5:$J$17*'Line items'!$M$5:$M$17/'Line items'!$L$5:$L$17) -> 6249.72 | H8: =SUMPRODUCT(('Line items'!$G$5:$G$17="84151090")*('Line items'!$F$5:$F$17="Venkovní / Outdoor")*'Line items'!$J$5:$J$17*'Line items'!$N$5:$N$17/'Line items'!$L$5:$L$17) -> 6848.72 | I8: =SUMIFS('Line items'!$P$5:$P$17,'Line items'!$G$5:$G$17,"84151090",'Line items'!$F$5:$F$17,"Venkovní / Outdoor") -> 33613.6 | J8: =ROUND('HS Code Summary'!$C$15*I8/'Line items'!$P$18,2) -> 290.8 | K8: =ROUND(IF($D$4="",0,$D$4)*H8/'Line items'!$N$18,2) -> 0 | L8: =I8+J8+K8 -> 33904.4 | M8: 1 – převodní hodnota dováženého zboží (čl. 70 UCC) | N8: 11 – koupě/prodej | O8: =105.85 -> 105.85 | P8: Podléhá kvótě F-plynů dle nař. (EU) 2024/573.
A9: 3 | B9: 84151090 | C9: NE | D9: Klimatizační jednotky split – VNITŘNÍ, bez chladiva – jednotky ZDARMA (FOC UNITS 1 %) | E9: FAD-1272-2026 | F9: =SUMIFS('Line items'!$K$5:$K$17,'Line items'!$G$5:$G$17,"84151090",'Line items'!$F$5:$F$17,"Vnitřní / Indoor") -> 4 | G9: =SUMPRODUCT(('Line items'!$G$5:$G$17="84151090")*('Line items'!$F$5:$F$17="Vnitřní / Indoor")*'Line items'!$K$5:$K$17*'Line items'!$M$5:$M$17/'Line items'!$L$5:$L$17) -> 36.13 | H9: =SUMPRODUCT(('Line items'!$G$5:$G$17="84151090")*('Line items'!$F$5:$F$17="Vnitřní / Indoor")*'Line items'!$K$5:$K$17*'Line items'!$N$5:$N$17/'Line items'!$L$5:$L$17) -> 43.53 | I9: =SUMIFS('Line items'!$Q$5:$Q$17,'Line items'!$G$5:$G$17,"84151090",'Line items'!$F$5:$F$17,"Vnitřní / Indoor") -> 286.02 | J9: 0 | K9: =ROUND(IF($D$4="",0,$D$4)*H9/'Line items'!$N$18,2) -> 0 | L9: =I9+J9+K9 -> 286.02 | M9: 2 – převodní hodnota stejného zboží (čl. 74 odst. 2 písm. a) UCC) | N9: 3 – bez finanční protihodnoty | O9: — | P9: Sleva -100 % se pro celní hodnotu NEUPLATŇUJE – oceněno cenami stejného zboží.
A10: 4 | B10: 84151090 | C10: ANO | D10: Klimatizační jednotky split – VENKOVNÍ, předplněné – jednotky ZDARMA (FOC UNITS 1 %) | E10: FAD-1272-2026 | F10: =SUMIFS('Line items'!$K$5:$K$17,'Line items'!$G$5:$G$17,"84151090",'Line items'!$F$5:$F$17,"Venkovní / Outdoor") -> 2 | G10: =SUMPRODUCT(('Line items'!$G$5:$G$17="84151090")*('Line items'!$F$5:$F$17="Venkovní / Outdoor")*'Line items'!$K$5:$K$17*'Line items'!$M$5:$M$17/'Line items'!$L$5:$L$17) -> 53.54 | H10: =SUMPRODUCT(('Line items'!$G$5:$G$17="84151090")*('Line items'!$F$5:$F$17="Venkovní / Outdoor")*'Line items'!$K$5:$K$17*'Line items'!$N$5:$N$17/'Line items'!$L$5:$L$17) -> 58.68 | I10: =SUMIFS('Line items'!$Q$5:$Q$17,'Line items'!$G$5:$G$17,"84151090",'Line items'!$F$5:$F$17,"Venkovní / Outdoor") -> 295.72 | J10: 0 | K10: =ROUND(IF($D$4="",0,$D$4)*H10/'Line items'!$N$18,2) -> 0 | L10: =I10+J10+K10 -> 295.72 | M10: 2 – převodní hodnota stejného zboží (čl. 74 odst. 2 písm. a) UCC) | N10: 3 – bez finanční protihodnoty | O10: =0.91 -> 0.91 | P10: Sleva -100 % se NEUPLATŇUJE. Podléhá kvótě F-plynů.
A11: 5 | B11: 84159000 | C11: NE | D11: Wifi modul – části a součásti klimatizačních jednotek | E11: FAD-1271-2026 | F11: =SUMIFS('Line items'!$J$5:$J$17,'Line items'!$G$5:$G$17,"84159000",'Line items'!$F$5:$F$17,"Díl / Part") -> 246 | G11: =SUMPRODUCT(('Line items'!$G$5:$G$17="84159000")*('Line items'!$F$5:$F$17="Díl / Part")*'Line items'!$J$5:$J$17*'Line items'!$M$5:$M$17/'Line items'!$L$5:$L$17) -> 4 | H11: =SUMPRODUCT(('Line items'!$G$5:$G$17="84159000")*('Line items'!$F$5:$F$17="Díl / Part")*'Line items'!$J$5:$J$17*'Line items'!$N$5:$N$17/'Line items'!$L$5:$L$17) -> 4.6 | I11: =SUMIFS('Line items'!$P$5:$P$17,'Line items'!$G$5:$G$17,"84159000",'Line items'!$F$5:$F$17,"Díl / Part") -> 2066.4 | J11: =ROUND('HS Code Summary'!$C$15*I11/'Line items'!$P$18,2) -> 17.88 | K11: =ROUND(IF($D$4="",0,$D$4)*H11/'Line items'!$N$18,2) -> 0 | L11: =I11+J11+K11 -> 2084.28 | M11: 1 – převodní hodnota dováženého zboží (čl. 70 UCC) | N11: 11 – koupě/prodej | O11: — | P11: Bez F-plynů.
A12: CELKEM | F12: =SUM(F7:F11) -> 744 | G12: =SUM(G7:G11) -> 8690.81 | H12: =SUM(H7:H11) -> 9748.44 | I12: =SUM(I7:I11) -> 54908.93 | J12: =SUM(J7:J11) -> 470 | K12: =SUM(K7:K11) -> 0 | L12: =SUM(L7:L11) -> 55378.93
A14: Kontrola: součet položek musí odpovídat listu „HS Code Summary“ – 744 ks, 8 690,81 kg netto, 9 748,44 kg brutto, celní hodnota 55 378,93 EUR (bez přepravného do EU).
A15: Hmotnosti položek 1 a 2 jsou rozpočteny z Packing Listu podle počtu kusů (jednotková hmotnost × počet kusů). Kartony jsou u těchto výrobků 1:1 s kusy, rozpočet proto vychází přesně.
A16: Metoda hodnocení a druh obchodu jsou údaje NA ÚROVNI POLOŽKY, ne celého prohlášení – proto stačí jedno JSD. Kódy druhu obchodu ověřit dle aktuálního číselníku před podáním.
A17: F-plyny se deklarují za celou zásilku dohromady (106,76 t CO2e) – oprávnění/kvóta a odkaz na prohlášení o shodě musí pokrýt položku 1 i položku 2. Při rozdělení na dvě JSD je nutné uvést na obou.

Sheet FOC
A1: ZBOŽÍ ZDARMA / FREE OF CHARGE – FAD-1272-2026 + FAD-1274-2026
A2: Kompletní rozpis bezúplatné části zásilky. Obě faktury mají slevu -100 % a fakturovanou částku 0,00 EUR; pro celní účely se hodnota NEUPLATŇUJE jako nulová – viz čl. 74 odst. 2 písm. a) UCC (hodnota stejného zboží).
A4: A) FAD-1272-2026 – ZBOŽÍ (6 ks, jediná část zásilky s hmotností)
A5: Řádek faktury | B5: Kód / Product code | C5: Model | D5: Typ / Type | E5: CHLADIVO | F5: HS kód | G5: Ks | H5: Čistá hm. (kg) | I5: Hrubá hm. (kg) | J5: Hodnota (EUR)
A6: 10 | B6: 7SP024141 | C6: HDLS-035N-09M25-BK | D6: Vnitřní / Indoor | E6: NE | F6: 84151090 | G6: ='Line items'!$K$6 -> 1 | H6: =ROUND('Line items'!$M$6/'Line items'!$L$6*G6,2) -> 9.83 | I6: =ROUND('Line items'!$N$6/'Line items'!$L$6*G6,2) -> 11.73 | J6: ='Line items'!$Q$6 -> 63.24
A7: 20 | B7: 7SP063296 | C7: YDAS-035R-09M25 | D7: Venkovní / Outdoor | E7: ANO | F7: 84151090 | G7: ='Line items'!$K$14 -> 1 | H7: =ROUND('Line items'!$M$14/'Line items'!$L$14*G7,2) -> 23.32 | I7: =ROUND('Line items'!$N$14/'Line items'!$L$14*G7,2) -> 25.62 | J7: ='Line items'!$Q$14 -> 113.1
A8: 30 | B8: 7SP063297 | C8: YDAS-050R-09M25 | D8: Venkovní / Outdoor | E8: ANO | F8: 84151090 | G8: ='Line items'!$K$15 -> 1 | H8: =ROUND('Line items'!$M$15/'Line items'!$L$15*G8,2) -> 30.22 | I8: =ROUND('Line items'!$N$15/'Line items'!$L$15*G8,2) -> 33.06 | J8: ='Line items'!$Q$15 -> 182.62
A9: 40 | B9: 7SP024100 | C9: HDLS-025N-09M25 | D9: Vnitřní / Indoor | E9: NE | F9: 84151090 | G9: ='Line items'!$K$9 -> 1 | H9: =ROUND('Line items'!$M$9/'Line items'!$L$9*G9,2) -> 7.72 | I9: =ROUND('Line items'!$N$9/'Line items'!$L$9*G9,2) -> 9.32 | J9: ='Line items'!$Q$9 -> 57.08
A10: 50 | B10: 7SP024101 | C10: HDLS-035N-09M25 | D10: Vnitřní / Indoor | E10: NE | F10: 84151090 | G10: ='Line items'!$K$10 -> 1 | H10: =ROUND('Line items'!$M$10/'Line items'!$L$10*G10,2) -> 9.06 | I10: =ROUND('Line items'!$N$10/'Line items'!$L$10*G10,2) -> 10.94 | J10: ='Line items'!$Q$10 -> 62.21
A11: 60 | B11: 7SP024102 | C11: HDLS-050N-09M25 | D11: Vnitřní / Indoor | E11: NE | F11: 84151090 | G11: ='Line items'!$K$11 -> 1 | H11: =ROUND('Line items'!$M$11/'Line items'!$L$11*G11,2) -> 9.52 | I11: =ROUND('Line items'!$N$11/'Line items'!$L$11*G11,2) -> 11.54 | J11: ='Line items'!$Q$11 -> 103.49
A12: CELKEM FAD-1272-2026 | G12: =SUM(G6:G11) -> 6 | H12: =SUM(H6:H11) -> 89.67 | I12: =SUM(I6:I11) -> 102.21 | J12: =SUM(J6:J11) -> 581.74
A14: B) FAD-1274-2026 – PŘÍSPĚVEK ZA F-PLYNY (služba, BEZ hmotnosti)
A15: Řádek faktury | B15: Popis | C15: Vztahuje se k | F15: t CO2e | G15: Sazba EUR/t | J15: Hodnota (EUR)
A16: 10 | B16: FGAZ – FGAS CONTRIBUTION | C16: 7SP063296 × 1 ks (0,385 t) + 7SP063297 × 1 ks (0,527 t) – obě venkovní jednotky | F16: 0.91 | G16: 20 | J16: =ROUND(F16*G16,2) -> 18.2
A18: C) CELKEM ZBOŽÍ ZDARMA / TOTAL FOC
A19: Počet kusů / Quantity | E19: =G12 -> 6 | F19: ks | G19: 6 fyzických jednotek klimatizace (4 vnitřní + 2 venkovní).
A20: CELKOVÁ ČISTÁ HMOTNOST / TOTAL NET WEIGHT | E20: =H12 -> 89.67 | F20: kg | G20: Pouze zboží z FAD-1272-2026. FAD-1274-2026 je služba a hmotnost nemá.
A21: CELKOVÁ HRUBÁ HMOTNOST / TOTAL GROSS WEIGHT | E21: =I12 -> 102.21 | F21: kg | G21: Rozpočteno z Packing Listu podle počtu kusů (1 karton = 1 jednotka, dělí se přesně).
A22: Hodnota zboží FAD-1272-2026 | E22: =J12 -> 581.74 | F22: EUR | G22: Před slevou -100 %.
A23: + Příspěvek za F-plyny FAD-1274-2026 | E23: =J16 -> 18.2 | F23: EUR | G23: Před slevou -100 %.
A24: CELKOVÁ HODNOTA FOC / TOTAL FOC VALUE | E24: =J16+J12 -> 599.94 | F24: EUR | G24: Částka k deklaraci za bezúplatnou část zásilky (za předpokladu, že se příspěvek za F-plyny zahrnuje do celní hodnoty).
A27: Kontrola hmotností: 89,67 kg netto a 102,21 kg brutto z 8 690,81 / 9 748,44 kg celé zásilky – zbytek (8 601,14 / 9 646,23 kg) připadá na placené zboží z FAD-1271-2026.
A28: FAD-1274-2026 NEMÁ hmotnost – jde o příspěvek za kvótu F-plynů (služba, reverse charge), nikoli o zboží. Do hrubé ani čisté hmotnosti se nezapočítává.
A29: Rozpis na FAD-1274-2026 po jednotkách dává 0,912 t CO2e / 18,23 EUR, faktura účtuje 0,91 t / 18,20 EUR. Použita fakturovaná částka 18,20 EUR, takže celkem 581,74 + 18,20 = 599,94 EUR.
A30: Jednotky zdarma jsou v Packing Listu i na HBL započteny v celkových 499 kartonech a 9 748,44 kg – fyzicky jsou součástí téhož kontejneru MRSU2515573.

Sheet Line items
A1: ROZPIS POLOŽEK / LINE ITEM DETAIL
A2: Zdroj: Packing List PO 28583 (hmotnosti, kartony) + faktury FAD-1271-2026 (placené zboží) a FAD-1272-2026 (jednotky zdarma / FOC, sleva -100 %).
A4: Odesílatel / Sender | B4: Faktura / Invoice | C4: Kód / Product code | D4: Model (EN) | E4: Popis zboží (CZ) | F4: Typ / Type | G4: HS kód | H4: Země původu | I4: Kartony / Cartons | J4: Množství placené (ks) | K4: Množství zdarma FOC (ks) | L4: Množství celkem (ks) | M4: Čistá hmotnost (kg) | N4: Hrubá hmotnost (kg) | O4: Jedn. cena (EUR) | P4: Hodnota placená (EUR) | Q4: Hodnota FOC (EUR) | R4: Hodnota zboží celkem (EUR)
A5: GROUPE AIRWELL SA (FR) | B5: FAD-1271-2026 | C5: 7SP024140 | D5: HDLS-025N-09M25-BK | E5: Vnitřní klimatizační jednotka bez obsahu chladícího média (split) | F5: Vnitřní / Indoor | G5: 84151090 | H5: CN – Čína / China | I5: 25 | J5: 25 | K5: 0 | L5: =J5+K5 -> 25 | M5: 211.25 | N5: 251.25 | O5: 57.6 | P5: 1440 | Q5: 0 | R5: =P5+Q5 -> 1440
A6: GROUPE AIRWELL SA (FR) | B6: FAD-1271-2026 + FAD-1272-2026 | C6: 7SP024141 | D6: HDLS-035N-09M25-BK | E6: Vnitřní klimatizační jednotka bez obsahu chladícího média (split) | F6: Vnitřní / Indoor | G6: 84151090 | H6: CN – Čína / China | I6: 64 | J6: 63 | K6: 1 | L6: =J6+K6 -> 64 | M6: 629.12 | N6: 750.72 | O6: 63.24 | P6: 3984.12 | Q6: 63.24 | R6: =P6+Q6 -> 4047.36
A7: GROUPE AIRWELL SA (FR) | B7: FAD-1271-2026 | C7: 7SP024142 | D7: HDLS-050N-09M25-BK | E7: Vnitřní klimatizační jednotka bez obsahu chladícího média (split) | F7: Vnitřní / Indoor | G7: 84151090 | H7: CN – Čína / China | I7: 25 | J7: 25 | K7: 0 | L7: =J7+K7 -> 25 | M7: 260 | N7: 288.75 | O7: 104.27 | P7: 2606.8 | Q7: 0 | R7: =P7+Q7 -> 2606.8
A8: GROUPE AIRWELL SA (FR) | B8: FAD-1271-2026 | C8: 7SP024143 | D8: HDLS-070N-09M25-BK | E8: Vnitřní klimatizační jednotka bez obsahu chladícího média (split) | F8: Vnitřní / Indoor | G8: 84151090 | H8: CN – Čína / China | I8: 10 | J8: 10 | K8: 0 | L8: =J8+K8 -> 10 | M8: 133 | N8: 157 | O8: 136.8 | P8: 1368 | Q8: 0 | R8: =P8+Q8 -> 1368
A9: GROUPE AIRWELL SA (FR) | B9: FAD-1271-2026 + FAD-1272-2026 | C9: 7SP024100 | D9: HDLS-025N-09M25 | E9: Vnitřní klimatizační jednotka bez obsahu chladícího média (split) | F9: Vnitřní / Indoor | G9: 84151090 | H9: CN – Čína / China | I9: 26 | J9: 25 | K9: 1 | L9: =J9+K9 -> 26 | M9: 200.72 | N9: 242.32 | O9: 57.08 | P9: 1426.94 | Q9: 57.08 | R9: =P9+Q9 -> 1484.02
A10: GROUPE AIRWELL SA (FR) | B10: FAD-1271-2026 + FAD-1272-2026 | C10: 7SP024101 | D10: HDLS-035N-09M25 | E10: Vnitřní klimatizační jednotka bez obsahu chladícího média (split) | F10: Vnitřní / Indoor | G10: 84151090 | H10: CN – Čína / China | I10: 64 | J10: 63 | K10: 1 | L10: =J10+K10 -> 64 | M10: 579.84 | N10: 700.16 | O10: 62.21 | P10: 3919.44 | Q10: 62.21 | R10: =P10+Q10 -> 3981.65
A11: GROUPE AIRWELL SA (FR) | B11: FAD-1271-2026 + FAD-1272-2026 | C11: 7SP024102 | D11: HDLS-050N-09M25 | E11: Vnitřní klimatizační jednotka bez obsahu chladícího média (split) | F11: Vnitřní / Indoor | G11: 84151090 | H11: CN – Čína / China | I11: 26 | J11: 25 | K11: 1 | L11: =J11+K11 -> 26 | M11: 247.52 | N11: 300.04 | O11: 101.36 | P11: 2533.89 | Q11: 103.49 | R11: =P11+Q11 -> 2637.38
A12: GROUPE AIRWELL SA (FR) | B12: FAD-1271-2026 | C12: 7SP024103 | D12: HDLS-070N-09M25 | E12: Vnitřní klimatizační jednotka bez obsahu chladícího média (split) | F12: Vnitřní / Indoor | G12: 84151090 | H12: CN – Čína / China | I12: 10 | J12: 10 | K12: 0 | L12: =J12+K12 -> 10 | M12: 122.1 | N12: 146.2 | O12: 136.8 | P12: 1368 | Q12: 0 | R12: =P12+Q12 -> 1368
A13: GROUPE AIRWELL SA (FR) | B13: FAD-1271-2026 | C13: 7SP063295 | D13: YDAS-025R-09M25 | E13: Venkovní klimatizační jednotka s chladícím médiem, předplněná (split) | F13: Venkovní / Outdoor | G13: 84151090 | H13: CN – Čína / China | I13: 50 | J13: 50 | K13: 0 | L13: =J13+K13 -> 50 | M13: 1019 | N13: 1114 | O13: 109.98 | P13: 5499 | Q13: 0 | R13: =P13+Q13 -> 5499
A14: GROUPE AIRWELL SA (FR) | B14: FAD-1271-2026 + FAD-1272-2026 | C14: 7SP063296 | D14: YDAS-035R-09M25 | E14: Venkovní klimatizační jednotka s chladícím médiem, předplněná (split) | F14: Venkovní / Outdoor | G14: 84151090 | H14: CN – Čína / China | I14: 127 | J14: 126 | K14: 1 | L14: =J14+K14 -> 127 | M14: 2961.64 | N14: 3253.74 | O14: 113.1 | P14: 14250.6 | Q14: 113.1 | R14: =P14+Q14 -> 14363.7
A15: GROUPE AIRWELL SA (FR) | B15: FAD-1271-2026 + FAD-1272-2026 | C15: 7SP063297 | D15: YDAS-050R-09M25 | E15: Venkovní klimatizační jednotka s chladícím médiem, předplněná (split) | F15: Venkovní / Outdoor | G15: 84151090 | H15: CN – Čína / China | I15: 51 | J15: 50 | K15: 1 | L15: =J15+K15 -> 51 | M15: 1541.22 | N15: 1686.06 | O15: 182.62 | P15: 9131 | Q15: 182.62 | R15: =P15+Q15 -> 9313.62
A16: GROUPE AIRWELL SA (FR) | B16: FAD-1271-2026 | C16: 7SP063298 | D16: YDAS-070R-09M25 | E16: Venkovní klimatizační jednotka s chladícím médiem, předplněná (split) | F16: Venkovní / Outdoor | G16: 84151090 | H16: CN – Čína / China | I16: 20 | J16: 20 | K16: 0 | L16: =J16+K16 -> 20 | M16: 781.4 | N16: 853.6 | O16: 236.65 | P16: 4733 | Q16: 0 | R16: =P16+Q16 -> 4733
A17: GROUPE AIRWELL SA (FR) | B17: FAD-1271-2026 | C17: 7ACEL1954 | D17: Wifi HDLS ZDAS (wifi module) | E17: Wifi modul – části a součásti klimatizačních jednotek | F17: Díl / Part | G17: 84159000 | H17: CN – Čína / China | I17: 1 | J17: 246 | K17: 0 | L17: =J17+K17 -> 246 | M17: 4 | N17: 4.6 | O17: 8.4 | P17: 2066.4 | Q17: 0 | R17: =P17+Q17 -> 2066.4
A18: CELKEM / TOTAL | I18: =SUM(I5:I17) -> 499 | J18: =SUM(J5:J17) -> 738 | K18: =SUM(K5:K17) -> 6 | L18: =SUM(L5:L17) -> 744 | M18: =SUM(M5:M17) -> 8690.81 | N18: =SUM(N5:N17) -> 9748.44 | P18: =SUM(P5:P17) -> 54327.19 | Q18: =SUM(Q5:Q17) -> 581.74 | R18: =SUM(R5:R17) -> 54908.93
A20: Kontrola / Cross-check: kartony 499 ks, čistá hm. 8 690,81 kg, hrubá hm. 9 748,44 kg, 65,16 CBM = Packing List a HBL DK26070098-B.
A21: Pozn.: 1 karton = 1 jednotka klimatizace; wifi moduly (7ACEL1954) – 246 ks v 1 kartonu. Hmotnosti z Packing Listu zahrnují i jednotky zdarma (FOC).
A22: Pozn.: hodnoty položek převzaty přesně z faktur (u některých řádků se součin ks × jedn. cena liší o pár centů kvůli zaokrouhlení na faktuře – rozhodující je fakturovaná hodnota).

Sheet F-gas
A1: F-PLYNY / F-GAS – zařízení předplněná fluorovaným skleníkovým plynem
A2: Zdroj: FAD-1273-2026 (F-gas k placeným jednotkám) a FAD-1274-2026 (F-gas k jednotkám zdarma, sleva -100 %). POZOR: druh chladiva NENÍ v žádném dokladu uveden. R32 je ODVOZEN z t CO2e/jednotku – nutno potvrdit.
A3: GWP – předpoklad R32 (AR4) | B3: 675 | C3: Vstupní hodnota / input – NEPOTVRZENÁ. Druh chladiva není v dokladech uveden. R32 (GWP 675 dle AR4) je pouze ODVOZEN: 0,675 ÷ 675 × 1000 = 1,000 kg a 0,351 ÷ 675 × 1000 = 0,520 kg. Sloupce I a J jsou proto ORIENTAČNÍ.
A4: Kód / Product code | B4: Model | C4: HS kód | D4: Množství placené (ks) | E4: Množství FOC (ks) | F4: Množství celkem (ks) | G4: t CO2e / jednotka | H4: t CO2e celkem | I4: Náplň chladiva / unit (kg) – odvozeno | J4: Náplň chladiva celkem (kg) – odvozeno | K4: EUR / jednotka | L4: F-gas příspěvek (EUR)
A5: 7SP063295 | B5: YDAS-025R-09M25 | C5: 84151090 | D5: 50 | E5: 0 | F5: =D5+E5 -> 50 | G5: 0.351 | H5: =F5*G5 -> 17.55 | I5: =G5/$B$3*1000 -> 0.52 | J5: =F5*I5 -> 26 | K5: 7.02 | L5: =F5*K5 -> 351
A6: 7SP063296 | B6: YDAS-035R-09M25 | C6: 84151090 | D6: 126 | E6: 1 | F6: =D6+E6 -> 127 | G6: 0.385 | H6: =F6*G6 -> 48.895 | I6: =G6/$B$3*1000 -> 0.57037037 | J6: =F6*I6 -> 72.437037 | K6: 7.7 | L6: =F6*K6 -> 977.9
A7: 7SP063297 | B7: YDAS-050R-09M25 | C7: 84151090 | D7: 50 | E7: 1 | F7: =D7+E7 -> 51 | G7: 0.527 | H7: =F7*G7 -> 26.877 | I7: =G7/$B$3*1000 -> 0.78074074 | J7: =F7*I7 -> 39.817778 | K7: 10.53 | L7: =F7*K7 -> 537.03
A8: 7SP063298 | B8: YDAS-070R-09M25 | C8: 84151090 | D8: 20 | E8: 0 | F8: =D8+E8 -> 20 | G8: 0.675 | H8: =F8*G8 -> 13.5 | I8: =G8/$B$3*1000 -> 1 | J8: =F8*I8 -> 20 | K8: 13.5 | L8: =F8*K8 -> 270
A9: CELKEM / TOTAL | D9: =SUM(D5:D8) -> 246 | E9: =SUM(E5:E8) -> 2 | F9: =SUM(F5:F8) -> 248 | H9: =SUM(H5:H8) -> 106.822 | J9: =SUM(J5:J8) -> 158.25481 | L9: =SUM(L5:L8) -> 2135.93
A11: F-plyny fakturované celkem: 105,85 t CO2e (FAD-1273) + 0,91 t CO2e (FAD-1274) = 106,76 t CO2e; příspěvek 2 117,00 EUR + 18,20 EUR = 2 135,20 EUR (u FOC sleva -100 % → 0,00 EUR).
A12: POZOR – drobný nesoulad na faktuře: rozpis po jednotkách dává 105,91 t CO2e / 2 117,70 EUR, faktura FAD-1273-2026 účtuje 105,85 t / 2 117,00 EUR (rozdíl 0,70 EUR). Pro celní účely nepodstatné, ale stojí za dotaz u odesílatele.
A13: Dovoz zařízení předplněného HFC podléhá nařízení (EU) 2024/573: dovozce musí být registrován v F-Gas Portálu, musí být kryt kvótou/oprávněním a k celnímu prohlášení se uvádí odkaz na prohlášení o shodě. Bez toho zásilku nelze propustit. NUTNO OVĚŘIT PŘED PODÁNÍM JSD.
A14: F-plyny se týkají výhradně venkovních jednotek YDAS-*R (HS 84151090). Vnitřní jednotky HDLS-*N jsou bez chladícího média.

Sheet Kontroly & poznámky
A1: KONTROLY, RIZIKA A OTEVŘENÉ BODY / CHECKS, FLAGS & OPEN ITEMS
A3: # | B3: Priorita | C3: Téma | D3: Zjištění / co je potřeba udělat
A4: 1 | B4: KRITICKÉ | C4: COO / preferenční věta | D4: PREFERENČNÍ VĚTA NENÍ v žádném z dokladů. Původ zboží ALE deklarován je: „MADE IN CHINA“ v záhlaví faktur FAD-1271-2026 a FAD-1272-2026 a „Country of origin: CHINE“ u KAŽDÉ položky (13× na FAD-1271-2026, 6× na FAD-1272-2026) – původ je tedy doložen pro všech 498 jednotek i wifi moduly. S Čínou nemá EU preferenční dohodu, takže preferenční sazbu nelze uplatnit ani doložit – uplatní se STANDARDNÍ TŘETIZEMNÍ (erga omnes) CLO. Prodávající je francouzská firma, na původ zboží to však nemá vliv.
A5: 2 | B5: STŘEDNÍ | C5: COO – samostatné osvědčení o původu chybí | D5: Mezi podklady NENÍ samostatné osvědčení o původu (Certificate of Origin). Pro dovoz z Číny do volného oběhu se nevyžaduje – nepreferenční původ postačí deklarovat na základě údajů na faktuře, a preferenci stejně uplatnit nelze. Osvědčení by bylo potřeba pouze tehdy, pokud by je vyžadoval TARIC u konkrétního opatření (např. ochranné či antidumpingové) nebo pokud si je vyžádá klient/banka. Ověřit v TARIC při podání. Původ NENÍ uveden na Packing Listu, HBL ani na F-gas fakturách – tam se opírá o obchodní faktury.
A6: 3 | B6: KRITICKÉ | C6: F-plyny (HFC) | D6: Venkovní jednotky YDAS-*R jsou předplněny F-plynem: celkem 106,76 t CO2e (105,85 t placené + 0,91 t FOC). Dovoz zařízení předplněného HFC podléhá nař. (EU) 2024/573 – dovozce (KLIMATIKA) musí být registrován ve F-Gas Portálu, musí mít pokrytí kvótou/oprávněním a v celním prohlášení se uvádí odkaz na prohlášení o shodě. BEZ TOHO CELNÍ ÚŘAD ZBOŽÍ NEPROPUSTÍ. Ověřit u klienta před podáním JSD.
A7: 4 | B7: KRITICKÉ | C7: Druh chladiva NENÍ v dokladech uveden | D7: V ŽÁDNÉM z podkladů (faktury FAD-1271/1272/1273/1274-2026, Packing List, HBL, INSTRUKCE) není uveden druh chladiva. Doklady uvádějí pouze „s chladícím médiem“ a přepočet na t CO2e. R32 je v tomto souboru pouze ODVOZEN z rozpisu na FAD-1273-2026 (0,675 t CO2e ÷ GWP 675 = přesně 1,000 kg; 0,351 ÷ 675 = 0,520 kg – sedí u všech čtyř modelů). Je to silná indicie, NE doklad. Prohlášení o shodě pro F-plyny musí plyn výslovně pojmenovat, proto je nutné si druh chladiva a náplň v kg vyžádat od odesílatele (nebo doložit technickým listem / štítkem jednotky) PŘED podáním JSD.
A8: 5 | B8: KRITICKÉ | C8: Chybí přepravné do celní hodnoty | D8: Dodací doložka je FOB WAIYUN, ZHONGSHAN, CHINA a na HBL je „FREIGHT COLLECT“. Do celní hodnoty je proto nutné připočíst námořní přepravné, THC a případné pojištění až po místo vstupu do celního území EU. Tyto náklady v podkladech NEJSOU – nutno vyžádat fakturu dopravce. Bez ní nelze celní hodnotu uzavřít.
A9: 6 | B9: VYSOKÁ | C9: Jednotky zdarma (FOC) – ocenění | D9: Faktura FAD-1272-2026 uvádí 6 ks jednotek zdarma se slevou -100 % (celkem 0,00 EUR, „NO COMMERCIAL VALUE – FOR CUSTOMS PURPOSE ONLY“). Pro celní účely tuto 100% slevu NEUPLATŇUJI: bezúplatné zboží není prodej, převodní hodnotu nemá a oceňuje se dle čl. 74 UCC hodnotou stejného/podobného zboží – použity ceny z faktur, tj. 581,74 EUR. Deklarovat nulu by bylo nesprávné. (Toto je jediná sleva v zásilce – jiný obchodní rabat, který by se rozpouštěl poměrem, v podkladech není.)
A10: 7 | B10: VYSOKÁ | C10: F-gas příspěvek v celní hodnotě – k rozhodnutí | D10: FAD-1273-2026 účtuje 2 117,00 EUR jako „FGAS CONTRIBUTION“ (u FOC jednotek FAD-1274-2026 18,20 EUR se slevou -100 % → 0,00 EUR). Je fakturován jako služba (reverse charge), ale fakticky jde o platbu za kvótu HFC, která je podmínkou prodeje zboží. Doporučuji ZAHRNOUT do celní hodnoty HS 84151090. Prosím o potvrzení – list „HS Code Summary“ ukazuje součet s ním i bez něj.
A11: 8 | B11: VYSOKÁ | C11: Placené zboží vs. FOC – členění prohlášení | D11: Zboží placené a zboží zdarma NELZE deklarovat na jedné položce: mají jinou metodu hodnocení (čl. 70 UCC vs. čl. 74 odst. 2 písm. a) UCC) a jiný druh obchodu. Obojí jsou ale údaje na úrovni POLOŽKY, ne prohlášení, takže postačí JEDNO JSD se třemi položkami – viz list „JSD položky“. Dvě samostatná JSD nejsou nutná; pokud by se přesto podávala, je nutné rozvrhnout přepravné na obě a na obou uvést pokrytí kvótou F-plynů.
A12: 9 | B12: VYSOKÁ | C12: Instrukce – chybí JSD vs. T1 | D12: V souboru INSTRUKCE je pole „Přejete si vystavit JCD (vyclení do volného oběhu) nebo T1 (tranzitní doklad)?“ PRÁZDNÉ, stejně jako „ADRESA VYCLENÍ (V PŘÍPADĚ T1)“ a kontakt na ní. Nutno doptat u klienta před zahájením.
A13: 10 | B13: STŘEDNÍ | C13: Sazba cla | D13: Původ CN, bez preference → erga omnes sazba. Pro 8415 10 90 i 8415 90 00 se očekává 2,7 %, ale sazbu, případná ochranná/antidumpingová opatření a další podmínky OVĚŘIT V TARIC k datu podání JSD. Na 8415 z Číny nejsou známa antidumpingová opatření – potvrdit v TARIC.
A14: 11 | B14: STŘEDNÍ | C14: CBAM | D14: Klimatizační jednotky ani jejich díly (kap. 8415) nejsou v příloze I nařízení o CBAM (cement, železo a ocel, hliník, hnojiva, elektřina, vodík). CBAM se na tuto zásilku NEVZTAHUJE.
A15: 12 | B15: STŘEDNÍ | C15: Členění řádků – odchylka od výchozího pravidla | D15: Na žádost je HS 84151090 rozdělen na DVA řádky podle obsahu chladiva – vnitřní jednotky bez chladícího média a venkovní jednotky předplněné F-plynem – místo standardního sloučení na jeden unikátní HS kód v rámci odesílatele. Důvod je věcný: kvótě, prohlášení o shodě a kontrole F-plynů podléhají jen venkovní jednotky, takže je nutné je vykázat odděleně. Na sazební zařazení, celní hodnotu ani clo to nemá vliv – součty zůstávají shodné (744 ks, 8 690,81 kg netto, 55 378,93 EUR).
... A20: 17 | B20: NÍZKÁ | C20: DPH na faktuře | D20: Faktury uvádějí „Exo TVA art 262 ter I / Exempt EU Sales – Goods“, tedy režim dodání uvnitř EU, ačkoli fakticky jde o dovoz zboží z Číny. Na celní hodnotu to nemá vliv, DPH se vyměří při propuštění do volného oběhu. Pouze pro informaci.
A22: POUŽITÉ PODKLADY / SOURCE DOCUMENTS
A23: • | B23: HBL DK26070098-B (DK26070098CNWAYCZMNKFD) – TR KLIMATIKA
A24: • | B24: Faktura FAD-1271-2026 ze dne 03/07/2026 – placené zboží, 54 797,19 EUR (obsahuje deklaraci původu u každé položky)
A25: • | B25: Faktura FAD-1272-2026 – jednotky zdarma (FOC UNITS 1%), 581,74 EUR před slevou -100 %
A26: • | B26: Faktura FAD-1273-2026 – F-gas příspěvek 2 117,00 EUR
A27: • | B27: Faktura FAD-1274-2026 – F-gas příspěvek k FOC jednotkám 18,20 EUR před slevou -100 %
A28: • | B28: Packing List PO 28583 / BL DK26070098CNWAYCZMNKFD
A29: • | B29: INSTRUKCE k celnímu odbavení a doručení zboží (Maurice Ward & Co., s.r.o.)
